15:41:49.046358 INFO                                        image_server.py:2129
                         ====================== Image                           
                         Server Startup Guide                                   
                         ======================                                 
                         Please first read this repo's                          
                         README.md to learn how to                              
                         configure and use the teleimager.                      
                         To discover connected cameras, run                     
                         the following command:                                 
                                                                                
                             teleimager-server --cf                             
                                                                                
                         The '--cf' flag means 'camera                          
                         find'.                                                 
                         This will list all detected                            
                         cameras and their details (video                       
                         paths, serial numbers and physical                     
                         path etc.).                                            
                         Use that information to fill in                        
                         your 'cam_config_server.yaml'                          
                         file.                                                  
                         Once configured, you can start the                     
                         image server with:                                     
                                                                                
                             teleimager-server                                  
                                                                                
                         Note:                                                  
                          - If you have RealSense cameras,                      
                         add the '--rs' flag to enable                          
                         RealSense support.                                     
                          - Make sure you have proper                           
                         permissions to access the camera                       
                         devices (e.g., run with sudo or                        
                         set udev rules).                                       
                         ==================================                     
                         ==================================                     
                         ======                                                 
15:41:49.053062 INFO     [Image Server] Loaded camera       image_server.py:2177
                         configuration:                                         
                         /home/robot/eai-teleop-studio/tele                     
                         op/teleimager/cam_config_server.ya                     
                         ml                                                     
15:41:49.054972 INFO     [Responser] Camera Config Responser image_client.py:805
                         initialized at 0.0.0.0:60000                           
15:41:49.700152 INFO     [OpenCVCamera: head_camera]        image_server.py:1116
                         initialized with 480x640 @ 30 FPS,                     
                         FOURCC=YUYV.                                           
                         ZMQ: enabled, zmq port=55555;                          
                         WebRTC: enabled, webrtc port=60001                     
15:41:50.317884 INFO     [OpenCVCamera: torso_camera]       image_server.py:1116
                         initialized with 480x640 @ 30 FPS,                     
                         FOURCC=YUYV.                                           
                         ZMQ: enabled, zmq port=55556;                          
                         WebRTC: enabled, webrtc port=60002                     
15:41:51.175243 INFO     [OpenCVCamera: left_wrist_camera]  image_server.py:1116
                         initialized with 480x640 @ 30 FPS,                     
                         FOURCC=YUYV.                                           
                         ZMQ: enabled, zmq port=55557;                          
                         WebRTC: enabled, webrtc port=60003                     
15:41:51.849149 INFO     [OpenCVCamera: right_wrist_camera] image_server.py:1116
                         initialized with 480x640 @ 30 FPS,                     
                         FOURCC=YUYV.                                           
                         ZMQ: enabled, zmq port=55558;                          
                         WebRTC: enabled, webrtc port=60004                     
15:41:51.849305 INFO     [Image Server] Image server has    image_server.py:1745
                         started, waiting for client                            
                         connections...                                         
15:41:51.860806 INFO     [Image Server] head_camera is      image_server.py:1941
                         ready.                                                 
15:41:51.865067 INFO     [WebRTC] https://0.0.0.0:60001      image_server.py:470
                         started                                                
15:41:51.865501 INFO     [Image Server] torso_camera is     image_server.py:1941
                         ready.                                                 
15:41:51.868355 INFO     [WebRTC] https://0.0.0.0:60002      image_server.py:470
                         started                                                
15:41:51.869308 INFO     [Image Server] left_wrist_camera   image_server.py:1941
                         is ready.                                              
15:41:51.873105 INFO     [WebRTC] https://0.0.0.0:60003      image_server.py:470
                         started                                                
15:41:51.884105 INFO     [Image Server] right_wrist_camera  image_server.py:1941
                         is ready.                                              
15:41:51.886400 INFO     [Image Server] Started 4/4         image_server.py:2081
                         available camera streams; hot-plug                     
                         monitor enabled.                                       
15:41:51.886558 INFO     [Image Server] Running... Press    image_server.py:2187
                         Ctrl+C to exit.                                        
15:41:51.887270 INFO     [WebRTC] https://0.0.0.0:60004      image_server.py:470
                         started                                                
15:42:44.428229 WARNING  [Image Server] Camera head_camera  image_server.py:1781
                         frame update failed (1/60);                            
                         keeping stream alive:                                  
15:42:45.394640 WARNING  [Image Server] Camera head_camera  image_server.py:1781
                         frame update failed (30/60);                           
                         keeping stream alive:                                  
[ WARN:20@57.763] global cap_v4l.cpp:803 requestBuffers VIDEOIO(V4L2:/dev/video22): failed VIDIOC_REQBUFS: errno=19 (No such device)
15:42:46.398885 INFO     [OpenCVCamera] Released            image_server.py:1151
                         head_camera                                            
15:42:46.399101 ERROR    [Image Server] Camera head_camera  image_server.py:1759
                         is offline: frame update failed 60                     
                         consecutive times: . Waiting for                       
                         reconnect.                                             
15:44:18.780904 INFO     [Image Server] Received signal 15, image_server.py:2098
                         initiating graceful shutdown...                        
15:44:18.898573 INFO     [OpenCVCamera] Released            image_server.py:1151
                         torso_camera                                           
15:44:18.934181 INFO     [OpenCVCamera] Released            image_server.py:1151
                         left_wrist_camera                                      
15:44:18.970049 INFO     [OpenCVCamera] Released            image_server.py:1151
                         right_wrist_camera                                     
15:44:18.970177 INFO     [Image Server] Clean up completed. image_server.py:2051
                         Server stopped.                                        
15:49:40.567430 INFO                                        image_server.py:2129
                         ====================== Image                           
                         Server Startup Guide                                   
                         ======================                                 
                         Please first read this repo's                          
                         README.md to learn how to                              
                         configure and use the teleimager.                      
                         To discover connected cameras, run                     
                         the following command:                                 
                                                                                
                             teleimager-server --cf                             
                                                                                
                         The '--cf' flag means 'camera                          
                         find'.                                                 
                         This will list all detected                            
                         cameras and their details (video                       
                         paths, serial numbers and physical                     
                         path etc.).                                            
                         Use that information to fill in                        
                         your 'cam_config_server.yaml'                          
                         file.                                                  
                         Once configured, you can start the                     
                         image server with:                                     
                                                                                
                             teleimager-server                                  
                                                                                
                         Note:                                                  
                          - If you have RealSense cameras,                      
                         add the '--rs' flag to enable                          
                         RealSense support.                                     
                          - Make sure you have proper                           
                         permissions to access the camera                       
                         devices (e.g., run with sudo or                        
                         set udev rules).                                       
                         ==================================                     
                         ==================================                     
                         ======                                                 
15:49:40.573101 INFO     [Image Server] Loaded camera       image_server.py:2177
                         configuration:                                         
                         /home/robot/eai-teleop-studio/tele                     
                         op/teleimager/cam_config_server.ya                     
                         ml                                                     
15:49:40.573955 INFO     [Responser] Camera Config Responser image_client.py:805
                         initialized at 0.0.0.0:60000                           
15:49:41.218724 INFO     [OpenCVCamera: head_camera]        image_server.py:1116
                         initialized with 480x640 @ 30 FPS,                     
                         FOURCC=YUYV.                                           
                         ZMQ: enabled, zmq port=55555;                          
                         WebRTC: enabled, webrtc port=60001                     
15:49:42.031227 INFO     [OpenCVCamera: torso_camera]       image_server.py:1116
                         initialized with 480x640 @ 30 FPS,                     
                         FOURCC=YUYV.                                           
                         ZMQ: enabled, zmq port=55556;                          
                         WebRTC: enabled, webrtc port=60002                     
15:49:43.084028 INFO     [OpenCVCamera: left_wrist_camera]  image_server.py:1116
                         initialized with 480x640 @ 30 FPS,                     
                         FOURCC=YUYV.                                           
                         ZMQ: enabled, zmq port=55557;                          
                         WebRTC: enabled, webrtc port=60003                     
15:49:43.761793 INFO     [OpenCVCamera: right_wrist_camera] image_server.py:1116
                         initialized with 480x640 @ 30 FPS,                     
                         FOURCC=YUYV.                                           
                         ZMQ: enabled, zmq port=55558;                          
                         WebRTC: enabled, webrtc port=60004                     
15:49:43.762126 INFO     [Image Server] Image server has    image_server.py:1745
                         started, waiting for client                            
                         connections...                                         
15:49:43.767860 INFO     [Image Server] head_camera is      image_server.py:1941
                         ready.                                                 
15:49:43.775039 INFO     [WebRTC] https://0.0.0.0:60001      image_server.py:470
                         started                                                
15:49:43.778008 INFO     [Image Server] torso_camera is     image_server.py:1941
                         ready.                                                 
15:49:43.784766 INFO     [WebRTC] https://0.0.0.0:60002      image_server.py:470
                         started                                                
15:49:43.787733 INFO     [Image Server] left_wrist_camera   image_server.py:1941
                         is ready.                                              
15:49:43.795119 INFO     [WebRTC] https://0.0.0.0:60003      image_server.py:470
                         started                                                
15:49:43.799301 INFO     [Image Server] right_wrist_camera  image_server.py:1941
                         is ready.                                              
15:49:43.806047 INFO     [Image Server] Started 4/4         image_server.py:2081
                         available camera streams; hot-plug                     
                         monitor enabled.                                       
15:49:43.806424 INFO     [Image Server] Running... Press    image_server.py:2187
                         Ctrl+C to exit.                                        
15:49:43.807784 INFO     [WebRTC] https://0.0.0.0:60004      image_server.py:470
                         started                                                
15:50:52.268578 INFO     [WebRTC] Preferred H264 for         image_server.py:399
                         port:60001                                             
15:51:19.239366 INFO     [WebRTC] Preferred H264 for         image_server.py:399
                         port:60002                                             
15:51:36.188283 INFO     [WebRTC] Preferred H264 for         image_server.py:399
                         port:60003                                             
15:52:08.348594 INFO     [WebRTC] Preferred H264 for         image_server.py:399
                         port:60004                                             
16:08:36.348772 WARNING  [Image Server] Camera torso_camera image_server.py:1781
                         frame update failed (1/60);                            
                         keeping stream alive:                                  
16:08:37.283571 WARNING  [Image Server] Camera torso_camera image_server.py:1781
                         frame update failed (30/60);                           
                         keeping stream alive:                                  
[ WARN:21@1137.903] global cap_v4l.cpp:803 requestBuffers VIDEOIO(V4L2:/dev/video30): failed VIDIOC_REQBUFS: errno=19 (No such device)
16:08:38.284342 INFO     [OpenCVCamera] Released            image_server.py:1151
                         torso_camera                                           
16:08:38.284705 ERROR    [Image Server] Camera torso_camera image_server.py:1759
                         is offline: frame update failed 60                     
                         consecutive times: . Waiting for                       
                         reconnect.                                             
16:08:43.979758 WARNING  [Image Server] Camera              image_server.py:1781
                         right_wrist_camera frame update                        
                         failed (1/60); keeping stream                          
                         alive:                                                 
16:08:44.945862 WARNING  [Image Server] Camera              image_server.py:1781
                         right_wrist_camera frame update                        
                         failed (30/60); keeping stream                         
                         alive:                                                 
[ WARN:23@1145.565] global cap_v4l.cpp:803 requestBuffers VIDEOIO(V4L2:/dev/video14): failed VIDIOC_REQBUFS: errno=19 (No such device)
16:08:45.946399 INFO     [OpenCVCamera] Released            image_server.py:1151
                         right_wrist_camera                                     
16:08:45.946806 ERROR    [Image Server] Camera              image_server.py:1759
                         right_wrist_camera is offline:                         
                         frame update failed 60 consecutive                     
                         times: . Waiting for reconnect.                        
16:09:47.293990 INFO     [OpenCVCamera: right_wrist_camera] image_server.py:1116
                         initialized with 480x640 @ 30 FPS,                     
                         FOURCC=YUYV.                                           
                         ZMQ: enabled, zmq port=55558;                          
                         WebRTC: enabled, webrtc port=60004                     
16:09:47.294297 INFO     [Image Server] Camera              image_server.py:2019
                         right_wrist_camera reconnected.                        
16:09:47.331272 INFO     [Image Server] right_wrist_camera  image_server.py:1941
                         is ready.                                              
16:10:46.155936 INFO     [OpenCVCamera: torso_camera]       image_server.py:1116
                         initialized with 480x640 @ 30 FPS,                     
                         FOURCC=YUYV.                                           
                         ZMQ: enabled, zmq port=55556;                          
                         WebRTC: enabled, webrtc port=60002                     
16:10:46.156442 INFO     [Image Server] Camera torso_camera image_server.py:2019
                         reconnected.                                           
16:10:46.190360 INFO     [Image Server] torso_camera is     image_server.py:1941
                         ready.                                                 
16:16:03.401298 INFO     [Image Server] Received signal 15, image_server.py:2098
                         initiating graceful shutdown...                        
16:16:03.617369 INFO     [OpenCVCamera] Released            image_server.py:1151
                         head_camera                                            
16:16:03.653969 INFO     [OpenCVCamera] Released            image_server.py:1151
                         torso_camera                                           
16:16:03.690068 INFO     [OpenCVCamera] Released            image_server.py:1151
                         left_wrist_camera                                      
16:16:03.726734 INFO     [OpenCVCamera] Released            image_server.py:1151
                         right_wrist_camera                                     
16:16:03.727093 INFO     [Image Server] Clean up completed. image_server.py:2051
                         Server stopped.                                        
16:16:04.597858 INFO                                        image_server.py:2129
                         ====================== Image                           
                         Server Startup Guide                                   
                         ======================                                 
                         Please first read this repo's                          
                         README.md to learn how to                              
                         configure and use the teleimager.                      
                         To discover connected cameras, run                     
                         the following command:                                 
                                                                                
                             teleimager-server --cf                             
                                                                                
                         The '--cf' flag means 'camera                          
                         find'.                                                 
                         This will list all detected                            
                         cameras and their details (video                       
                         paths, serial numbers and physical                     
                         path etc.).                                            
                         Use that information to fill in                        
                         your 'cam_config_server.yaml'                          
                         file.                                                  
                         Once configured, you can start the                     
                         image server with:                                     
                                                                                
                             teleimager-server                                  
                                                                                
                         Note:                                                  
                          - If you have RealSense cameras,                      
                         add the '--rs' flag to enable                          
                         RealSense support.                                     
                          - Make sure you have proper                           
                         permissions to access the camera                       
                         devices (e.g., run with sudo or                        
                         set udev rules).                                       
                         ==================================                     
                         ==================================                     
                         ======                                                 
16:16:04.603496 INFO     [Image Server] Loaded camera       image_server.py:2177
                         configuration:                                         
                         /home/robot/eai-teleop-studio/tele                     
                         op/teleimager/cam_config_server.ya                     
                         ml                                                     
sudo: a terminal is required to read the password; either use the -S option to read from standard input or configure an askpass helper
sudo: 需要密码
16:16:04.612569 ERROR    Failed to reload driver: Command    image_server.py:574
                         'sudo modprobe -r uvcvideo'                            
                         returned non-zero exit status 1.                       
16:16:09.005212 INFO     [Responser] Camera Config Responser image_client.py:805
                         initialized at 0.0.0.0:60000                           
16:16:09.578761 INFO     [OpenCVCamera: head_camera]        image_server.py:1116
                         initialized with 1080x1920 @ 30                        
                         FPS, FOURCC=YUYV.                                      
                         ZMQ: enabled, zmq port=55555;                          
                         WebRTC: enabled, webrtc port=60001                     
16:16:10.159113 INFO     [OpenCVCamera: torso_camera]       image_server.py:1116
                         initialized with 1080x1920 @ 30                        
                         FPS, FOURCC=YUYV.                                      
                         ZMQ: enabled, zmq port=55556;                          
                         WebRTC: enabled, webrtc port=60002                     
16:16:10.724132 INFO     [OpenCVCamera: left_wrist_camera]  image_server.py:1116
                         initialized with 1080x1920 @ 30                        
                         FPS, FOURCC=YUYV.                                      
                         ZMQ: enabled, zmq port=55557;                          
                         WebRTC: enabled, webrtc port=60003                     
16:16:11.291226 INFO     [OpenCVCamera: right_wrist_camera] image_server.py:1116
                         initialized with 1080x1920 @ 30                        
                         FPS, FOURCC=YUYV.                                      
                         ZMQ: enabled, zmq port=55558;                          
                         WebRTC: enabled, webrtc port=60004                     
16:16:11.566454 INFO     [FFmpegDepthCamera:                image_server.py:1234
                         __head_rgbd_camera_depth]                              
                         initialized with 800x1280 @ 30                         
                         FPS, input_format=gray16le,                            
                         dtype=uint16.                                          
                         ZMQ: disabled; WebRTC: disabled                        
16:16:11.566570 INFO     [Image Server] Image server has    image_server.py:1745
                         started, waiting for client                            
                         connections...                                         
16:16:11.576507 INFO     [Image Server] head_camera is      image_server.py:1941
                         ready.                                                 
16:16:11.579942 INFO     [WebRTC] https://0.0.0.0:60001      image_server.py:470
                         started                                                
16:16:11.581600 INFO     [Image Server] torso_camera is     image_server.py:1941
                         ready.                                                 
16:16:11.584333 INFO     [WebRTC] https://0.0.0.0:60002      image_server.py:470
                         started                                                
16:16:11.596781 INFO     [Image Server] left_wrist_camera   image_server.py:1941
                         is ready.                                              
16:16:11.599914 INFO     [WebRTC] https://0.0.0.0:60003      image_server.py:470
                         started                                                
16:16:11.615931 INFO     [Image Server] right_wrist_camera  image_server.py:1941
                         is ready.                                              
16:16:11.619102 INFO     [Image Server]                     image_server.py:1941
                         __head_rgbd_camera_depth is ready.                     
16:16:11.619453 INFO     [Image Server] RGBD stream         image_server.py:1872
                         head_rgbd_camera publishing                            
                         head_camera+__head_rgbd_camera_dep                     
                         th on ZMQ port 55560.                                  
16:16:11.621375 INFO     [Image Server] Started 5/5         image_server.py:2081
                         available camera streams; hot-plug                     
                         monitor enabled.                                       
16:16:11.621615 INFO     [Image Server] Running... Press    image_server.py:2187
                         Ctrl+C to exit.                                        
16:16:11.622193 INFO     [WebRTC] https://0.0.0.0:60004      image_server.py:470
                         started                                                
16:17:16.104984 INFO     [WebRTC] Preferred H264 for         image_server.py:399
                         port:60004                                             
16:17:41.942389 INFO     [WebRTC] Preferred H264 for         image_server.py:399
                         port:60001                                             
16:27:24.915980 INFO                                        image_server.py:2129
                         ====================== Image                           
                         Server Startup Guide                                   
                         ======================                                 
                         Please first read this repo's                          
                         README.md to learn how to                              
                         configure and use the teleimager.                      
                         To discover connected cameras, run                     
                         the following command:                                 
                                                                                
                             teleimager-server --cf                             
                                                                                
                         The '--cf' flag means 'camera                          
                         find'.                                                 
                         This will list all detected                            
                         cameras and their details (video                       
                         paths, serial numbers and physical                     
                         path etc.).                                            
                         Use that information to fill in                        
                         your 'cam_config_server.yaml'                          
                         file.                                                  
                         Once configured, you can start the                     
                         image server with:                                     
                                                                                
                             teleimager-server                                  
                                                                                
                         Note:                                                  
                          - If you have RealSense cameras,                      
                         add the '--rs' flag to enable                          
                         RealSense support.                                     
                          - Make sure you have proper                           
                         permissions to access the camera                       
                         devices (e.g., run with sudo or                        
                         set udev rules).                                       
                         ==================================                     
                         ==================================                     
                         ======                                                 
16:27:24.922296 INFO     [Image Server] Loaded camera       image_server.py:2177
                         configuration:                                         
                         /home/robot/eai-teleop-studio/tele                     
                         op/teleimager/cam_config_server.ya                     
                         ml                                                     
sudo: a terminal is required to read the password; either use the -S option to read from standard input or configure an askpass helper
sudo: 需要密码
16:27:24.933467 ERROR    Failed to reload driver: Command    image_server.py:574
                         'sudo modprobe -r uvcvideo'                            
                         returned non-zero exit status 1.                       
16:27:29.757442 INFO     [Responser] Camera Config Responser image_client.py:805
                         initialized at 0.0.0.0:60000                           
16:27:30.317252 INFO     [OpenCVCamera: head_camera]        image_server.py:1116
                         initialized with 1080x1920 @ 30                        
                         FPS, FOURCC=YUYV.                                      
                         ZMQ: enabled, zmq port=55555;                          
                         WebRTC: enabled, webrtc port=60001                     
16:27:30.907628 INFO     [OpenCVCamera: torso_camera]       image_server.py:1116
                         initialized with 1080x1920 @ 30                        
                         FPS, FOURCC=YUYV.                                      
                         ZMQ: enabled, zmq port=55556;                          
                         WebRTC: enabled, webrtc port=60002                     
16:27:31.465243 INFO     [OpenCVCamera: left_wrist_camera]  image_server.py:1116
                         initialized with 1080x1920 @ 30                        
                         FPS, FOURCC=YUYV.                                      
                         ZMQ: enabled, zmq port=55557;                          
                         WebRTC: enabled, webrtc port=60003                     
16:27:32.077842 INFO     [OpenCVCamera: right_wrist_camera] image_server.py:1116
                         initialized with 1080x1920 @ 30                        
                         FPS, FOURCC=YUYV.                                      
                         ZMQ: enabled, zmq port=55558;                          
                         WebRTC: enabled, webrtc port=60004                     
16:27:32.330563 INFO     [FFmpegDepthCamera:                image_server.py:1234
                         __head_rgbd_camera_depth]                              
                         initialized with 800x1280 @ 30                         
                         FPS, input_format=gray16le,                            
                         dtype=uint16.                                          
                         ZMQ: disabled; WebRTC: disabled                        
16:27:32.330684 INFO     [Image Server] Image server has    image_server.py:1745
                         started, waiting for client                            
                         connections...                                         
16:27:32.348172 INFO     [Image Server] head_camera is      image_server.py:1941
                         ready.                                                 
16:27:32.352249 INFO     [WebRTC] https://0.0.0.0:60001      image_server.py:470
                         started                                                
16:27:32.352420 INFO     [Image Server] torso_camera is     image_server.py:1941
                         ready.                                                 
16:27:32.355235 INFO     [WebRTC] https://0.0.0.0:60002      image_server.py:470
                         started                                                
16:27:32.369726 INFO     [Image Server] left_wrist_camera   image_server.py:1941
                         is ready.                                              
16:27:32.372566 INFO     [WebRTC] https://0.0.0.0:60003      image_server.py:470
                         started                                                
16:27:32.385279 INFO     [Image Server] right_wrist_camera  image_server.py:1941
                         is ready.                                              
16:27:32.394549 INFO     [Image Server]                     image_server.py:1941
                         __head_rgbd_camera_depth is ready.                     
16:27:32.394912 INFO     [Image Server] RGBD stream         image_server.py:1872
                         head_rgbd_camera publishing                            
                         head_camera+__head_rgbd_camera_dep                     
                         th on ZMQ port 55560.                                  
16:27:32.395930 INFO     [WebRTC] https://0.0.0.0:60004      image_server.py:470
                         started                                                
16:27:32.396210 INFO     [Image Server] Started 5/5         image_server.py:2081
                         available camera streams; hot-plug                     
                         monitor enabled.                                       
16:27:32.396340 INFO     [Image Server] Running... Press    image_server.py:2187
                         Ctrl+C to exit.                                        
16:28:20.116252 WARNING  [Image Server] Camera torso_camera image_server.py:1781
                         frame update failed (1/60);                            
                         keeping stream alive:                                  
16:28:21.082930 WARNING  [Image Server] Camera torso_camera image_server.py:1781
                         frame update failed (30/60);                           
                         keeping stream alive:                                  
[ WARN:21@57.595] global cap_v4l.cpp:803 requestBuffers VIDEOIO(V4L2:/dev/video14): failed VIDIOC_REQBUFS: errno=19 (No such device)
16:28:22.083645 INFO     [OpenCVCamera] Released            image_server.py:1151
                         torso_camera                                           
16:28:22.083826 ERROR    [Image Server] Camera torso_camera image_server.py:1759
                         is offline: frame update failed 60                     
                         consecutive times: . Waiting for                       
                         reconnect.                                             
16:28:38.165557 INFO     [WebRTC] Preferred H264 for         image_server.py:399
                         port:60001                                             
16:28:54.748695 INFO     [WebRTC] Preferred H264 for         image_server.py:399
                         port:60001                                             
16:29:53.979245 INFO     [WebRTC] Preferred H264 for         image_server.py:399
                         port:60002                                             
16:30:14.861449 INFO     [WebRTC] Preferred H264 for         image_server.py:399
                         port:60001                                             
09:20:47.181792 INFO                                        image_server.py:2129
                         ====================== Image                           
                         Server Startup Guide                                   
                         ======================                                 
                         Please first read this repo's                          
                         README.md to learn how to                              
                         configure and use the teleimager.                      
                         To discover connected cameras, run                     
                         the following command:                                 
                                                                                
                             teleimager-server --cf                             
                                                                                
                         The '--cf' flag means 'camera                          
                         find'.                                                 
                         This will list all detected                            
                         cameras and their details (video                       
                         paths, serial numbers and physical                     
                         path etc.).                                            
                         Use that information to fill in                        
                         your 'cam_config_server.yaml'                          
                         file.                                                  
                         Once configured, you can start the                     
                         image server with:                                     
                                                                                
                             teleimager-server                                  
                                                                                
                         Note:                                                  
                          - If you have RealSense cameras,                      
                         add the '--rs' flag to enable                          
                         RealSense support.                                     
                          - Make sure you have proper                           
                         permissions to access the camera                       
                         devices (e.g., run with sudo or                        
                         set udev rules).                                       
                         ==================================                     
                         ==================================                     
                         ======                                                 
09:20:47.188228 INFO     [Image Server] Loaded camera       image_server.py:2177
                         configuration:                                         
                         /home/robot/eai-teleop-studio/tele                     
                         op/teleimager/cam_config_server.ya                     
                         ml                                                     
sudo: a terminal is required to read the password; either use the -S option to read from standard input or configure an askpass helper
sudo: 需要密码
09:20:47.196407 ERROR    Failed to reload driver: Command    image_server.py:574
                         'sudo modprobe -r uvcvideo'                            
                         returned non-zero exit status 1.                       
09:20:51.973053 INFO     [Responser] Camera Config Responser image_client.py:805
                         initialized at 0.0.0.0:60000                           
09:20:52.535254 INFO     [OpenCVCamera: head_camera]        image_server.py:1116
                         initialized with 1080x1920 @ 30                        
                         FPS, FOURCC=YUYV.                                      
                         ZMQ: enabled, zmq port=55555;                          
                         WebRTC: enabled, webrtc port=60001                     
09:20:53.100830 INFO     [OpenCVCamera: torso_camera]       image_server.py:1116
                         initialized with 480x640 @ 30 FPS,                     
                         FOURCC=YUYV.                                           
                         ZMQ: enabled, zmq port=55556;                          
                         WebRTC: enabled, webrtc port=60002                     
09:20:53.662672 INFO     [OpenCVCamera: left_wrist_camera]  image_server.py:1116
                         initialized with 1080x1920 @ 30                        
                         FPS, FOURCC=YUYV.                                      
                         ZMQ: enabled, zmq port=55557;                          
                         WebRTC: enabled, webrtc port=60003                     
09:20:54.279088 INFO     [OpenCVCamera: right_wrist_camera] image_server.py:1116
                         initialized with 1080x1920 @ 30                        
                         FPS, FOURCC=YUYV.                                      
                         ZMQ: enabled, zmq port=55558;                          
                         WebRTC: enabled, webrtc port=60004                     
09:20:54.502430 INFO     [FFmpegDepthCamera:                image_server.py:1234
                         __head_rgbd_camera_depth]                              
                         initialized with 800x1280 @ 30                         
                         FPS, input_format=gray16le,                            
                         dtype=uint16.                                          
                         ZMQ: disabled; WebRTC: disabled                        
09:20:54.502622 INFO     [Image Server] Image server has    image_server.py:1745
                         started, waiting for client                            
                         connections...                                         
09:20:54.515501 INFO     [Image Server] head_camera is      image_server.py:1941
                         ready.                                                 
09:20:54.518973 INFO     [WebRTC] https://0.0.0.0:60001      image_server.py:470
                         started                                                
09:20:54.520151 INFO     [Image Server] torso_camera is     image_server.py:1941
                         ready.                                                 
09:20:54.522655 INFO     [WebRTC] https://0.0.0.0:60002      image_server.py:470
                         started                                                
09:20:54.533369 INFO     [Image Server] left_wrist_camera   image_server.py:1941
                         is ready.                                              
09:20:54.536816 INFO     [WebRTC] https://0.0.0.0:60003      image_server.py:470
                         started                                                
09:20:54.547662 INFO     [Image Server] right_wrist_camera  image_server.py:1941
                         is ready.                                              
09:20:54.549672 INFO     [Image Server]                     image_server.py:1941
                         __head_rgbd_camera_depth is ready.                     
09:20:54.550115 INFO     [Image Server] RGBD stream         image_server.py:1872
                         head_rgbd_camera publishing                            
                         head_camera+__head_rgbd_camera_dep                     
                         th on ZMQ port 55560.                                  
09:20:54.551020 INFO     [WebRTC] https://0.0.0.0:60004      image_server.py:470
                         started                                                
09:20:54.551205 INFO     [Image Server] Started 5/5         image_server.py:2081
                         available camera streams; hot-plug                     
                         monitor enabled.                                       
09:20:54.551292 INFO     [Image Server] Running... Press    image_server.py:2187
                         Ctrl+C to exit.                                        
09:21:42.583921 WARNING  [Image Server] Camera torso_camera image_server.py:1781
                         frame update failed (1/60);                            
                         keeping stream alive:                                  
09:21:43.550374 WARNING  [Image Server] Camera torso_camera image_server.py:1781
                         frame update failed (30/60);                           
                         keeping stream alive:                                  
[ WARN:21@57.789] global cap_v4l.cpp:803 requestBuffers VIDEOIO(V4L2:/dev/video14): failed VIDIOC_REQBUFS: errno=19 (No such device)
09:21:44.554323 INFO     [OpenCVCamera] Released            image_server.py:1151
                         torso_camera                                           
09:21:44.554472 ERROR    [Image Server] Camera torso_camera image_server.py:1759
                         is offline: frame update failed 60                     
                         consecutive times: . Waiting for                       
                         reconnect.                                             
09:37:52.056437 INFO                                        image_server.py:2129
                         ====================== Image                           
                         Server Startup Guide                                   
                         ======================                                 
                         Please first read this repo's                          
                         README.md to learn how to                              
                         configure and use the teleimager.                      
                         To discover connected cameras, run                     
                         the following command:                                 
                                                                                
                             teleimager-server --cf                             
                                                                                
                         The '--cf' flag means 'camera                          
                         find'.                                                 
                         This will list all detected                            
                         cameras and their details (video                       
                         paths, serial numbers and physical                     
                         path etc.).                                            
                         Use that information to fill in                        
                         your 'cam_config_server.yaml'                          
                         file.                                                  
                         Once configured, you can start the                     
                         image server with:                                     
                                                                                
                             teleimager-server                                  
                                                                                
                         Note:                                                  
                          - If you have RealSense cameras,                      
                         add the '--rs' flag to enable                          
                         RealSense support.                                     
                          - Make sure you have proper                           
                         permissions to access the camera                       
                         devices (e.g., run with sudo or                        
                         set udev rules).                                       
                         ==================================                     
                         ==================================                     
                         ======                                                 
09:37:52.065488 INFO     [Image Server] Loaded camera       image_server.py:2177
                         configuration:                                         
                         /home/robot/eai-teleop-studio/tele                     
                         op/teleimager/cam_config_server.ya                     
                         ml                                                     
sudo: a terminal is required to read the password; either use the -S option to read from standard input or configure an askpass helper
sudo: 需要密码
09:37:52.076267 ERROR    Failed to reload driver: Command    image_server.py:574
                         'sudo modprobe -r uvcvideo'                            
                         returned non-zero exit status 1.                       
09:37:56.845157 INFO     [Responser] Camera Config Responser image_client.py:805
                         initialized at 0.0.0.0:60000                           
09:37:57.410243 INFO     [OpenCVCamera: head_camera]        image_server.py:1116
                         initialized with 1080x1920 @ 30                        
                         FPS, FOURCC=YUYV.                                      
                         ZMQ: enabled, zmq port=55555;                          
                         WebRTC: enabled, webrtc port=60001                     
09:37:57.977683 INFO     [OpenCVCamera: torso_camera]       image_server.py:1116
                         initialized with 480x640 @ 30 FPS,                     
                         FOURCC=YUYV.                                           
                         ZMQ: enabled, zmq port=55556;                          
                         WebRTC: enabled, webrtc port=60002                     
09:37:58.534178 INFO     [OpenCVCamera: left_wrist_camera]  image_server.py:1116
                         initialized with 1080x1920 @ 30                        
                         FPS, FOURCC=YUYV.                                      
                         ZMQ: enabled, zmq port=55557;                          
                         WebRTC: enabled, webrtc port=60003                     
09:37:59.150458 INFO     [OpenCVCamera: right_wrist_camera] image_server.py:1116
                         initialized with 1080x1920 @ 30                        
                         FPS, FOURCC=YUYV.                                      
                         ZMQ: enabled, zmq port=55558;                          
                         WebRTC: enabled, webrtc port=60004                     
09:37:59.367413 INFO     [FFmpegDepthCamera:                image_server.py:1234
                         __head_rgbd_camera_depth]                              
                         initialized with 800x1280 @ 30                         
                         FPS, input_format=gray16le,                            
                         dtype=uint16.                                          
                         ZMQ: disabled; WebRTC: disabled                        
09:37:59.367535 INFO     [Image Server] Image server has    image_server.py:1745
                         started, waiting for client                            
                         connections...                                         
09:37:59.382149 INFO     [Image Server] head_camera is      image_server.py:1941
                         ready.                                                 
09:37:59.386157 INFO     [WebRTC] https://0.0.0.0:60001      image_server.py:470
                         started                                                
09:37:59.387263 INFO     [Image Server] torso_camera is     image_server.py:1941
                         ready.                                                 
09:37:59.390013 INFO     [WebRTC] https://0.0.0.0:60002      image_server.py:470
                         started                                                
09:37:59.405549 INFO     [Image Server] left_wrist_camera   image_server.py:1941
                         is ready.                                              
09:37:59.408571 INFO     [WebRTC] https://0.0.0.0:60003      image_server.py:470
                         started                                                
09:37:59.424268 INFO     [Image Server] right_wrist_camera  image_server.py:1941
                         is ready.                                              
09:37:59.428361 INFO     [Image Server]                     image_server.py:1941
                         __head_rgbd_camera_depth is ready.                     
09:37:59.428699 INFO     [Image Server] RGBD stream         image_server.py:1872
                         head_rgbd_camera publishing                            
                         head_camera+__head_rgbd_camera_dep                     
                         th on ZMQ port 55560.                                  
09:37:59.429236 INFO     [Image Server] Started 5/5         image_server.py:2081
                         available camera streams; hot-plug                     
                         monitor enabled.                                       
09:37:59.429311 INFO     [Image Server] Running... Press    image_server.py:2187
                         Ctrl+C to exit.                                        
09:37:59.430153 INFO     [WebRTC] https://0.0.0.0:60004      image_server.py:470
                         started                                                
09:38:47.101690 WARNING  [Image Server] Camera torso_camera image_server.py:1781
                         frame update failed (1/60);                            
                         keeping stream alive:                                  
09:38:48.068358 WARNING  [Image Server] Camera torso_camera image_server.py:1781
                         frame update failed (30/60);                           
                         keeping stream alive:                                  
[ WARN:21@57.882] global cap_v4l.cpp:803 requestBuffers VIDEOIO(V4L2:/dev/video14): failed VIDIOC_REQBUFS: errno=19 (No such device)
09:38:49.071557 INFO     [OpenCVCamera] Released            image_server.py:1151
                         torso_camera                                           
09:38:49.071720 ERROR    [Image Server] Camera torso_camera image_server.py:1759
                         is offline: frame update failed 60                     
                         consecutive times: . Waiting for                       
                         reconnect.                                             
10:41:43.431256 INFO                                        image_server.py:2129
                         ====================== Image                           
                         Server Startup Guide                                   
                         ======================                                 
                         Please first read this repo's                          
                         README.md to learn how to                              
                         configure and use the teleimager.                      
                         To discover connected cameras, run                     
                         the following command:                                 
                                                                                
                             teleimager-server --cf                             
                                                                                
                         The '--cf' flag means 'camera                          
                         find'.                                                 
                         This will list all detected                            
                         cameras and their details (video                       
                         paths, serial numbers and physical                     
                         path etc.).                                            
                         Use that information to fill in                        
                         your 'cam_config_server.yaml'                          
                         file.                                                  
                         Once configured, you can start the                     
                         image server with:                                     
                                                                                
                             teleimager-server                                  
                                                                                
                         Note:                                                  
                          - If you have RealSense cameras,                      
                         add the '--rs' flag to enable                          
                         RealSense support.                                     
                          - Make sure you have proper                           
                         permissions to access the camera                       
                         devices (e.g., run with sudo or                        
                         set udev rules).                                       
                         ==================================                     
                         ==================================                     
                         ======                                                 
10:41:43.437580 INFO     [Image Server] Loaded camera       image_server.py:2177
                         configuration:                                         
                         /home/robot/eai-teleop-studio/tele                     
                         op/teleimager/cam_config_server.ya                     
                         ml                                                     
sudo: a terminal is required to read the password; either use the -S option to read from standard input or configure an askpass helper
sudo: 需要密码
10:41:43.445635 ERROR    Failed to reload driver: Command    image_server.py:574
                         'sudo modprobe -r uvcvideo'                            
                         returned non-zero exit status 1.                       
10:41:46.918581 INFO     [Responser] Camera Config Responser image_client.py:805
                         initialized at 0.0.0.0:60000                           
10:41:47.480677 INFO     [OpenCVCamera: head_camera]        image_server.py:1116
                         initialized with 1080x1920 @ 30                        
                         FPS, FOURCC=YUYV.                                      
                         ZMQ: enabled, zmq port=55555;                          
                         WebRTC: enabled, webrtc port=60001                     
10:41:48.043577 INFO     [OpenCVCamera: torso_camera]       image_server.py:1116
                         initialized with 480x640 @ 30 FPS,                     
                         FOURCC=YUYV.                                           
                         ZMQ: enabled, zmq port=55556;                          
                         WebRTC: enabled, webrtc port=60002                     
10:41:48.045095 WARNING  [Image Server] Camera              image_server.py:1551
                         left_wrist_camera is offline;                          
                         waiting for hot-plug.                                  
10:41:48.603052 INFO     [OpenCVCamera: right_wrist_camera] image_server.py:1116
                         initialized with 1080x1920 @ 30                        
                         FPS, FOURCC=YUYV.                                      
                         ZMQ: enabled, zmq port=55558;                          
                         WebRTC: enabled, webrtc port=60004                     
10:41:48.827851 INFO     [FFmpegDepthCamera:                image_server.py:1234
                         __head_rgbd_camera_depth]                              
                         initialized with 800x1280 @ 30                         
                         FPS, input_format=gray16le,                            
                         dtype=uint16.                                          
                         ZMQ: disabled; WebRTC: disabled                        
10:41:48.827963 INFO     [Image Server] Image server has    image_server.py:1745
                         started, waiting for client                            
                         connections...                                         
10:41:48.837568 INFO     [Image Server] head_camera is      image_server.py:1941
                         ready.                                                 
10:41:48.841007 INFO     [WebRTC] https://0.0.0.0:60001      image_server.py:470
                         started                                                
10:41:48.841922 INFO     [Image Server] torso_camera is     image_server.py:1941
                         ready.                                                 
10:41:48.842710 WARNING  [Image Server] Camera              image_server.py:2060
                         left_wrist_camera is unavailable;                      
                         other streams will continue.                           
10:41:48.844984 INFO     [WebRTC] https://0.0.0.0:60002      image_server.py:470
                         started                                                
10:41:48.855883 INFO     [Image Server] right_wrist_camera  image_server.py:1941
                         is ready.                                              
10:41:48.857600 INFO     [Image Server]                     image_server.py:1941
                         __head_rgbd_camera_depth is ready.                     
10:41:48.858014 INFO     [Image Server] RGBD stream         image_server.py:1872
                         head_rgbd_camera publishing                            
                         head_camera+__head_rgbd_camera_dep                     
                         th on ZMQ port 55560.                                  
10:41:48.859090 INFO     [Image Server] Started 4/5         image_server.py:2081
                         available camera streams; hot-plug                     
                         monitor enabled.                                       
10:41:48.859152 INFO     [Image Server] Running... Press    image_server.py:2187
                         Ctrl+C to exit.                                        
10:41:48.859440 INFO     [WebRTC] https://0.0.0.0:60004      image_server.py:470
                         started                                                
10:42:38.908660 WARNING  [Image Server] Camera torso_camera image_server.py:1781
                         frame update failed (1/60);                            
                         keeping stream alive:                                  
10:42:39.872849 WARNING  [Image Server] Camera torso_camera image_server.py:1781
                         frame update failed (30/60);                           
                         keeping stream alive:                                  
[ WARN:21@57.843] global cap_v4l.cpp:803 requestBuffers VIDEOIO(V4L2:/dev/video6): failed VIDIOC_REQBUFS: errno=19 (No such device)
10:42:40.873372 INFO     [OpenCVCamera] Released            image_server.py:1151
                         torso_camera                                           
10:42:40.873656 ERROR    [Image Server] Camera torso_camera image_server.py:1759
                         is offline: frame update failed 60                     
                         consecutive times: . Waiting for                       
                         reconnect.                                             
14:37:15.701615 INFO                                        image_server.py:2129
                         ====================== Image                           
                         Server Startup Guide                                   
                         ======================                                 
                         Please first read this repo's                          
                         README.md to learn how to                              
                         configure and use the teleimager.                      
                         To discover connected cameras, run                     
                         the following command:                                 
                                                                                
                             teleimager-server --cf                             
                                                                                
                         The '--cf' flag means 'camera                          
                         find'.                                                 
                         This will list all detected                            
                         cameras and their details (video                       
                         paths, serial numbers and physical                     
                         path etc.).                                            
                         Use that information to fill in                        
                         your 'cam_config_server.yaml'                          
                         file.                                                  
                         Once configured, you can start the                     
                         image server with:                                     
                                                                                
                             teleimager-server                                  
                                                                                
                         Note:                                                  
                          - If you have RealSense cameras,                      
                         add the '--rs' flag to enable                          
                         RealSense support.                                     
                          - Make sure you have proper                           
                         permissions to access the camera                       
                         devices (e.g., run with sudo or                        
                         set udev rules).                                       
                         ==================================                     
                         ==================================                     
                         ======                                                 
14:37:15.710075 INFO     [Image Server] Loaded camera       image_server.py:2177
                         configuration:                                         
                         /home/robot/eai-teleop-studio/tele                     
                         op/teleimager/cam_config_server.ya                     
                         ml                                                     
sudo: a terminal is required to read the password; either use the -S option to read from standard input or configure an askpass helper
sudo: 需要密码
14:37:15.719872 ERROR    Failed to reload driver: Command    image_server.py:574
                         'sudo modprobe -r uvcvideo'                            
                         returned non-zero exit status 1.                       
14:37:19.232920 INFO     [Responser] Camera Config Responser image_client.py:805
                         initialized at 0.0.0.0:60000                           
14:37:19.787018 INFO     [OpenCVCamera: head_camera]        image_server.py:1116
                         initialized with 1080x1920 @ 30                        
                         FPS, FOURCC=YUYV.                                      
                         ZMQ: enabled, zmq port=55555;                          
                         WebRTC: enabled, webrtc port=60001                     
14:37:20.357589 INFO     [OpenCVCamera: torso_camera]       image_server.py:1116
                         initialized with 480x640 @ 30 FPS,                     
                         FOURCC=YUYV.                                           
                         ZMQ: enabled, zmq port=55556;                          
                         WebRTC: enabled, webrtc port=60002                     
14:37:20.359211 WARNING  [Image Server] Camera              image_server.py:1551
                         left_wrist_camera is offline;                          
                         waiting for hot-plug.                                  
14:37:20.913276 INFO     [OpenCVCamera: right_wrist_camera] image_server.py:1116
                         initialized with 1080x1920 @ 30                        
                         FPS, FOURCC=YUYV.                                      
                         ZMQ: enabled, zmq port=55558;                          
                         WebRTC: enabled, webrtc port=60004                     
14:37:21.130239 INFO     [FFmpegDepthCamera:                image_server.py:1234
                         __head_rgbd_camera_depth]                              
                         initialized with 800x1280 @ 30                         
                         FPS, input_format=gray16le,                            
                         dtype=uint16.                                          
                         ZMQ: disabled; WebRTC: disabled                        
14:37:21.130358 INFO     [Image Server] Image server has    image_server.py:1745
                         started, waiting for client                            
                         connections...                                         
14:37:21.140435 INFO     [Image Server] head_camera is      image_server.py:1941
                         ready.                                                 
14:37:21.144087 INFO     [Image Server] torso_camera is     image_server.py:1941
                         ready.                                                 
14:37:21.144443 WARNING  [Image Server] Camera              image_server.py:2060
                         left_wrist_camera is unavailable;                      
                         other streams will continue.                           
14:37:21.145449 INFO     [WebRTC] https://0.0.0.0:60001      image_server.py:470
                         started                                                
14:37:21.146640 INFO     [WebRTC] https://0.0.0.0:60002      image_server.py:470
                         started                                                
14:37:21.156503 INFO     [Image Server] right_wrist_camera  image_server.py:1941
                         is ready.                                              
14:37:21.158935 INFO     [Image Server]                     image_server.py:1941
                         __head_rgbd_camera_depth is ready.                     
14:37:21.159088 INFO     [Image Server] RGBD stream         image_server.py:1872
                         head_rgbd_camera publishing                            
                         head_camera+__head_rgbd_camera_dep                     
                         th on ZMQ port 55560.                                  
14:37:21.160272 INFO     [Image Server] Started 4/5         image_server.py:2081
                         available camera streams; hot-plug                     
                         monitor enabled.                                       
14:37:21.160359 INFO     [Image Server] Running... Press    image_server.py:2187
                         Ctrl+C to exit.                                        
14:37:21.161097 INFO     [WebRTC] https://0.0.0.0:60004      image_server.py:470
                         started                                                
14:38:11.092820 WARNING  [Image Server] Camera torso_camera image_server.py:1781
                         frame update failed (1/60);                            
                         keeping stream alive:                                  
14:38:12.043434 WARNING  [Image Server] Camera torso_camera image_server.py:1781
                         frame update failed (30/60);                           
                         keeping stream alive:                                  
[ WARN:21@57.782] global cap_v4l.cpp:803 requestBuffers VIDEOIO(V4L2:/dev/video6): failed VIDIOC_REQBUFS: errno=19 (No such device)
14:38:13.042970 INFO     [OpenCVCamera] Released            image_server.py:1151
                         torso_camera                                           
14:38:13.043131 ERROR    [Image Server] Camera torso_camera image_server.py:1759
                         is offline: frame update failed 60                     
                         consecutive times: . Waiting for                       
                         reconnect.                                             
15:12:04.444556 INFO                                        image_server.py:2129
                         ====================== Image                           
                         Server Startup Guide                                   
                         ======================                                 
                         Please first read this repo's                          
                         README.md to learn how to                              
                         configure and use the teleimager.                      
                         To discover connected cameras, run                     
                         the following command:                                 
                                                                                
                             teleimager-server --cf                             
                                                                                
                         The '--cf' flag means 'camera                          
                         find'.                                                 
                         This will list all detected                            
                         cameras and their details (video                       
                         paths, serial numbers and physical                     
                         path etc.).                                            
                         Use that information to fill in                        
                         your 'cam_config_server.yaml'                          
                         file.                                                  
                         Once configured, you can start the                     
                         image server with:                                     
                                                                                
                             teleimager-server                                  
                                                                                
                         Note:                                                  
                          - If you have RealSense cameras,                      
                         add the '--rs' flag to enable                          
                         RealSense support.                                     
                          - Make sure you have proper                           
                         permissions to access the camera                       
                         devices (e.g., run with sudo or                        
                         set udev rules).                                       
                         ==================================                     
                         ==================================                     
                         ======                                                 
15:12:04.451085 INFO     [Image Server] Loaded camera       image_server.py:2177
                         configuration:                                         
                         /home/robot/eai-teleop-studio/tele                     
                         op/teleimager/cam_config_server.ya                     
                         ml                                                     
sudo: a terminal is required to read the password; either use the -S option to read from standard input or configure an askpass helper
sudo: 需要密码
15:12:04.459834 ERROR    Failed to reload driver: Command    image_server.py:574
                         'sudo modprobe -r uvcvideo'                            
                         returned non-zero exit status 1.                       
15:12:09.241900 INFO     [Responser] Camera Config Responser image_client.py:805
                         initialized at 0.0.0.0:60000                           
15:12:09.802003 INFO     [OpenCVCamera: head_camera]        image_server.py:1116
                         initialized with 1080x1920 @ 30                        
                         FPS, FOURCC=YUYV.                                      
                         ZMQ: enabled, zmq port=55555;                          
                         WebRTC: enabled, webrtc port=60001                     
15:12:10.364536 INFO     [OpenCVCamera: torso_camera]       image_server.py:1116
                         initialized with 480x640 @ 30 FPS,                     
                         FOURCC=YUYV.                                           
                         ZMQ: enabled, zmq port=55556;                          
                         WebRTC: enabled, webrtc port=60002                     
15:12:10.920362 INFO     [OpenCVCamera: left_wrist_camera]  image_server.py:1116
                         initialized with 1080x1920 @ 30                        
                         FPS, FOURCC=YUYV.                                      
                         ZMQ: enabled, zmq port=55557;                          
                         WebRTC: enabled, webrtc port=60003                     
15:12:11.533279 INFO     [OpenCVCamera: right_wrist_camera] image_server.py:1116
                         initialized with 1080x1920 @ 30                        
                         FPS, FOURCC=YUYV.                                      
                         ZMQ: enabled, zmq port=55558;                          
                         WebRTC: enabled, webrtc port=60004                     
15:12:11.749721 INFO     [FFmpegDepthCamera:                image_server.py:1234
                         __head_rgbd_camera_depth]                              
                         initialized with 800x1280 @ 30                         
                         FPS, input_format=gray16le,                            
                         dtype=uint16.                                          
                         ZMQ: disabled; WebRTC: disabled                        
15:12:11.749838 INFO     [Image Server] Image server has    image_server.py:1745
                         started, waiting for client                            
                         connections...                                         
15:12:11.759398 INFO     [Image Server] head_camera is      image_server.py:1941
                         ready.                                                 
15:12:11.763794 INFO     [WebRTC] https://0.0.0.0:60001      image_server.py:470
                         started                                                
15:12:11.764489 INFO     [Image Server] torso_camera is     image_server.py:1941
                         ready.                                                 
15:12:11.766732 INFO     [WebRTC] https://0.0.0.0:60002      image_server.py:470
                         started                                                
15:12:11.775445 INFO     [Image Server] left_wrist_camera   image_server.py:1941
                         is ready.                                              
15:12:11.778471 INFO     [WebRTC] https://0.0.0.0:60003      image_server.py:470
                         started                                                
15:12:11.789378 INFO     [Image Server] right_wrist_camera  image_server.py:1941
                         is ready.                                              
15:12:11.791412 INFO     [Image Server]                     image_server.py:1941
                         __head_rgbd_camera_depth is ready.                     
15:12:11.791580 INFO     [Image Server] RGBD stream         image_server.py:1872
                         head_rgbd_camera publishing                            
                         head_camera+__head_rgbd_camera_dep                     
                         th on ZMQ port 55560.                                  
15:12:11.792675 INFO     [Image Server] Started 5/5         image_server.py:2081
                         available camera streams; hot-plug                     
                         monitor enabled.                                       
15:12:11.792741 INFO     [Image Server] Running... Press    image_server.py:2187
                         Ctrl+C to exit.                                        
15:12:11.793108 INFO     [WebRTC] https://0.0.0.0:60004      image_server.py:470
                         started                                                
15:12:59.742383 WARNING  [Image Server] Camera torso_camera image_server.py:1781
                         frame update failed (1/60);                            
                         keeping stream alive:                                  
15:13:00.709073 WARNING  [Image Server] Camera torso_camera image_server.py:1781
                         frame update failed (30/60);                           
                         keeping stream alive:                                  
[ WARN:21@57.688] global cap_v4l.cpp:803 requestBuffers VIDEOIO(V4L2:/dev/video14): failed VIDIOC_REQBUFS: errno=19 (No such device)
15:13:01.709532 INFO     [OpenCVCamera] Released            image_server.py:1151
                         torso_camera                                           
15:13:01.709668 ERROR    [Image Server] Camera torso_camera image_server.py:1759
                         is offline: frame update failed 60                     
                         consecutive times: . Waiting for                       
                         reconnect.                                             
16:20:34.165926 INFO                                        image_server.py:2129
                         ====================== Image                           
                         Server Startup Guide                                   
                         ======================                                 
                         Please first read this repo's                          
                         README.md to learn how to                              
                         configure and use the teleimager.                      
                         To discover connected cameras, run                     
                         the following command:                                 
                                                                                
                             teleimager-server --cf                             
                                                                                
                         The '--cf' flag means 'camera                          
                         find'.                                                 
                         This will list all detected                            
                         cameras and their details (video                       
                         paths, serial numbers and physical                     
                         path etc.).                                            
                         Use that information to fill in                        
                         your 'cam_config_server.yaml'                          
                         file.                                                  
                         Once configured, you can start the                     
                         image server with:                                     
                                                                                
                             teleimager-server                                  
                                                                                
                         Note:                                                  
                          - If you have RealSense cameras,                      
                         add the '--rs' flag to enable                          
                         RealSense support.                                     
                          - Make sure you have proper                           
                         permissions to access the camera                       
                         devices (e.g., run with sudo or                        
                         set udev rules).                                       
                         ==================================                     
                         ==================================                     
                         ======                                                 
16:20:34.172488 INFO     [Image Server] Loaded camera       image_server.py:2177
                         configuration:                                         
                         /home/robot/eai-teleop-studio/tele                     
                         op/teleimager/cam_config_server.ya                     
                         ml                                                     
sudo: a terminal is required to read the password; either use the -S option to read from standard input or configure an askpass helper
sudo: 需要密码
16:20:34.183468 ERROR    Failed to reload driver: Command    image_server.py:574
                         'sudo modprobe -r uvcvideo'                            
                         returned non-zero exit status 1.                       
16:20:38.926075 INFO     [Responser] Camera Config Responser image_client.py:805
                         initialized at 0.0.0.0:60000                           
16:20:39.479227 INFO     [OpenCVCamera: head_camera]        image_server.py:1116
                         initialized with 1080x1920 @ 30                        
                         FPS, FOURCC=YUYV.                                      
                         ZMQ: enabled, zmq port=55555;                          
                         WebRTC: enabled, webrtc port=60001                     
16:20:40.053683 INFO     [OpenCVCamera: torso_camera]       image_server.py:1116
                         initialized with 480x640 @ 30 FPS,                     
                         FOURCC=YUYV.                                           
                         ZMQ: enabled, zmq port=55556;                          
                         WebRTC: enabled, webrtc port=60002                     
16:20:40.615097 INFO     [OpenCVCamera: left_wrist_camera]  image_server.py:1116
                         initialized with 1080x1920 @ 30                        
                         FPS, FOURCC=YUYV.                                      
                         ZMQ: enabled, zmq port=55557;                          
                         WebRTC: enabled, webrtc port=60003                     
16:20:41.228239 INFO     [OpenCVCamera: right_wrist_camera] image_server.py:1116
                         initialized with 1080x1920 @ 30                        
                         FPS, FOURCC=YUYV.                                      
                         ZMQ: enabled, zmq port=55558;                          
                         WebRTC: enabled, webrtc port=60004                     
16:20:41.443808 INFO     [FFmpegDepthCamera:                image_server.py:1234
                         __head_rgbd_camera_depth]                              
                         initialized with 800x1280 @ 30                         
                         FPS, input_format=gray16le,                            
                         dtype=uint16.                                          
                         ZMQ: disabled; WebRTC: disabled                        
16:20:41.443915 INFO     [Image Server] Image server has    image_server.py:1745
                         started, waiting for client                            
                         connections...                                         
16:20:41.459658 INFO     [Image Server] head_camera is      image_server.py:1941
                         ready.                                                 
16:20:41.463392 INFO     [WebRTC] https://0.0.0.0:60001      image_server.py:470
                         started                                                
16:20:41.464540 INFO     [Image Server] torso_camera is     image_server.py:1941
                         ready.                                                 
16:20:41.467468 INFO     [WebRTC] https://0.0.0.0:60002      image_server.py:470
                         started                                                
16:20:41.481924 INFO     [Image Server] left_wrist_camera   image_server.py:1941
                         is ready.                                              
16:20:41.484871 INFO     [WebRTC] https://0.0.0.0:60003      image_server.py:470
                         started                                                
16:20:41.495299 INFO     [Image Server] right_wrist_camera  image_server.py:1941
                         is ready.                                              
16:20:41.497498 INFO     [Image Server]                     image_server.py:1941
                         __head_rgbd_camera_depth is ready.                     
16:20:41.497828 INFO     [Image Server] RGBD stream         image_server.py:1872
                         head_rgbd_camera publishing                            
                         head_camera+__head_rgbd_camera_dep                     
                         th on ZMQ port 55560.                                  
16:20:41.498722 INFO     [Image Server] Started 5/5         image_server.py:2081
                         available camera streams; hot-plug                     
                         monitor enabled.                                       
16:20:41.498809 INFO     [Image Server] Running... Press    image_server.py:2187
                         Ctrl+C to exit.                                        
16:20:41.498939 INFO     [WebRTC] https://0.0.0.0:60004      image_server.py:470
                         started                                                
16:21:29.559924 WARNING  [Image Server] Camera torso_camera image_server.py:1781
                         frame update failed (1/60);                            
                         keeping stream alive:                                  
16:21:30.510199 WARNING  [Image Server] Camera torso_camera image_server.py:1781
                         frame update failed (30/60);                           
                         keeping stream alive:                                  
[ WARN:21@57.738] global cap_v4l.cpp:803 requestBuffers VIDEOIO(V4L2:/dev/video14): failed VIDIOC_REQBUFS: errno=19 (No such device)
16:21:31.512720 INFO     [OpenCVCamera] Released            image_server.py:1151
                         torso_camera                                           
16:21:31.512984 ERROR    [Image Server] Camera torso_camera image_server.py:1759
                         is offline: frame update failed 60                     
                         consecutive times: . Waiting for                       
                         reconnect.                                             
09:10:01.502656 INFO                                        image_server.py:2129
                         ====================== Image                           
                         Server Startup Guide                                   
                         ======================                                 
                         Please first read this repo's                          
                         README.md to learn how to                              
                         configure and use the teleimager.                      
                         To discover connected cameras, run                     
                         the following command:                                 
                                                                                
                             teleimager-server --cf                             
                                                                                
                         The '--cf' flag means 'camera                          
                         find'.                                                 
                         This will list all detected                            
                         cameras and their details (video                       
                         paths, serial numbers and physical                     
                         path etc.).                                            
                         Use that information to fill in                        
                         your 'cam_config_server.yaml'                          
                         file.                                                  
                         Once configured, you can start the                     
                         image server with:                                     
                                                                                
                             teleimager-server                                  
                                                                                
                         Note:                                                  
                          - If you have RealSense cameras,                      
                         add the '--rs' flag to enable                          
                         RealSense support.                                     
                          - Make sure you have proper                           
                         permissions to access the camera                       
                         devices (e.g., run with sudo or                        
                         set udev rules).                                       
                         ==================================                     
                         ==================================                     
                         ======                                                 
09:10:01.509264 INFO     [Image Server] Loaded camera       image_server.py:2177
                         configuration:                                         
                         /home/robot/eai-teleop-studio/tele                     
                         op/teleimager/cam_config_server.ya                     
                         ml                                                     
sudo: a terminal is required to read the password; either use the -S option to read from standard input or configure an askpass helper
sudo: 需要密码
09:10:01.520120 ERROR    Failed to reload driver: Command    image_server.py:574
                         'sudo modprobe -r uvcvideo'                            
                         returned non-zero exit status 1.                       
09:10:06.343925 INFO     [Responser] Camera Config Responser image_client.py:805
                         initialized at 0.0.0.0:60000                           
09:10:06.904752 INFO     [OpenCVCamera: head_camera]        image_server.py:1116
                         initialized with 1080x1920 @ 30                        
                         FPS, FOURCC=YUYV.                                      
                         ZMQ: enabled, zmq port=55555;                          
                         WebRTC: enabled, webrtc port=60001                     
09:10:07.491330 INFO     [OpenCVCamera: torso_camera]       image_server.py:1116
                         initialized with 480x640 @ 30 FPS,                     
                         FOURCC=YUYV.                                           
                         ZMQ: enabled, zmq port=55556;                          
                         WebRTC: enabled, webrtc port=60002                     
09:10:08.052810 INFO     [OpenCVCamera: left_wrist_camera]  image_server.py:1116
                         initialized with 1080x1920 @ 30                        
                         FPS, FOURCC=YUYV.                                      
                         ZMQ: enabled, zmq port=55557;                          
                         WebRTC: enabled, webrtc port=60003                     
09:10:08.668770 INFO     [OpenCVCamera: right_wrist_camera] image_server.py:1116
                         initialized with 1080x1920 @ 30                        
                         FPS, FOURCC=YUYV.                                      
                         ZMQ: enabled, zmq port=55558;                          
                         WebRTC: enabled, webrtc port=60004                     
09:10:08.894552 INFO     [FFmpegDepthCamera:                image_server.py:1234
                         __head_rgbd_camera_depth]                              
                         initialized with 800x1280 @ 30                         
                         FPS, input_format=gray16le,                            
                         dtype=uint16.                                          
                         ZMQ: disabled; WebRTC: disabled                        
09:10:08.894670 INFO     [Image Server] Image server has    image_server.py:1745
                         started, waiting for client                            
                         connections...                                         
09:10:08.910467 INFO     [Image Server] head_camera is      image_server.py:1941
                         ready.                                                 
09:10:08.914921 INFO     [WebRTC] https://0.0.0.0:60001      image_server.py:470
                         started                                                
09:10:08.915765 INFO     [Image Server] torso_camera is     image_server.py:1941
                         ready.                                                 
09:10:08.918681 INFO     [WebRTC] https://0.0.0.0:60002      image_server.py:470
                         started                                                
09:10:08.936060 INFO     [Image Server] left_wrist_camera   image_server.py:1941
                         is ready.                                              
09:10:08.939138 INFO     [WebRTC] https://0.0.0.0:60003      image_server.py:470
                         started                                                
09:10:08.951614 INFO     [Image Server] right_wrist_camera  image_server.py:1941
                         is ready.                                              
09:10:08.959493 INFO     [Image Server]                     image_server.py:1941
                         __head_rgbd_camera_depth is ready.                     
09:10:08.959913 INFO     [WebRTC] https://0.0.0.0:60004      image_server.py:470
                         started                                                
09:10:08.960045 INFO     [Image Server] RGBD stream         image_server.py:1872
                         head_rgbd_camera publishing                            
                         head_camera+__head_rgbd_camera_dep                     
                         th on ZMQ port 55560.                                  
09:10:08.960499 INFO     [Image Server] Started 5/5         image_server.py:2081
                         available camera streams; hot-plug                     
                         monitor enabled.                                       
09:10:08.960630 INFO     [Image Server] Running... Press    image_server.py:2187
                         Ctrl+C to exit.                                        
09:10:57.043499 WARNING  [Image Server] Camera torso_camera image_server.py:1781
                         frame update failed (1/60);                            
                         keeping stream alive:                                  
09:10:58.004197 WARNING  [Image Server] Camera torso_camera image_server.py:1781
                         frame update failed (30/60);                           
                         keeping stream alive:                                  
[ WARN:21@57.904] global cap_v4l.cpp:803 requestBuffers VIDEOIO(V4L2:/dev/video14): failed VIDIOC_REQBUFS: errno=19 (No such device)
09:10:59.007721 INFO     [OpenCVCamera] Released            image_server.py:1151
                         torso_camera                                           
09:10:59.008428 ERROR    [Image Server] Camera torso_camera image_server.py:1759
                         is offline: frame update failed 60                     
                         consecutive times: . Waiting for                       
                         reconnect.                                             
09:17:16.821910 INFO     [Image Server] Received signal 15, image_server.py:2098
                         initiating graceful shutdown...                        
09:17:16.915893 INFO     [OpenCVCamera] Released            image_server.py:1151
                         head_camera                                            
09:17:16.952000 INFO     [OpenCVCamera] Released            image_server.py:1151
                         left_wrist_camera                                      
09:17:16.989030 INFO     [OpenCVCamera] Released            image_server.py:1151
                         right_wrist_camera                                     
09:17:17.989757 INFO     [FFmpegDepthCamera] Released       image_server.py:1313
                         __head_rgbd_camera_depth                               
09:17:17.990152 INFO     [Image Server] Clean up completed. image_server.py:2051
                         Server stopped.                                        
09:28:22.908215 INFO                                        image_server.py:2129
                         ====================== Image                           
                         Server Startup Guide                                   
                         ======================                                 
                         Please first read this repo's                          
                         README.md to learn how to                              
                         configure and use the teleimager.                      
                         To discover connected cameras, run                     
                         the following command:                                 
                                                                                
                             teleimager-server --cf                             
                                                                                
                         The '--cf' flag means 'camera                          
                         find'.                                                 
                         This will list all detected                            
                         cameras and their details (video                       
                         paths, serial numbers and physical                     
                         path etc.).                                            
                         Use that information to fill in                        
                         your 'cam_config_server.yaml'                          
                         file.                                                  
                         Once configured, you can start the                     
                         image server with:                                     
                                                                                
                             teleimager-server                                  
                                                                                
                         Note:                                                  
                          - If you have RealSense cameras,                      
                         add the '--rs' flag to enable                          
                         RealSense support.                                     
                          - Make sure you have proper                           
                         permissions to access the camera                       
                         devices (e.g., run with sudo or                        
                         set udev rules).                                       
                         ==================================                     
                         ==================================                     
                         ======                                                 
09:28:22.914075 INFO     [Image Server] Loaded camera       image_server.py:2177
                         configuration:                                         
                         /home/robot/eai-teleop-studio/tele                     
                         op/teleimager/cam_config_server.ya                     
                         ml                                                     
sudo: a terminal is required to read the password; either use the -S option to read from standard input or configure an askpass helper
sudo: 需要密码
09:28:22.920681 ERROR    Failed to reload driver: Command    image_server.py:574
                         'sudo modprobe -r uvcvideo'                            
                         returned non-zero exit status 1.                       
09:28:25.952512 INFO     [Responser] Camera Config Responser image_client.py:805
                         initialized at 0.0.0.0:60000                           
09:28:25.956224 WARNING  [Image Server] Camera head_camera  image_server.py:1551
                         is offline; waiting for hot-plug.                      
09:28:25.958902 WARNING  [Image Server] Camera torso_camera image_server.py:1551
                         is offline; waiting for hot-plug.                      
09:28:26.525217 INFO     [OpenCVCamera: left_wrist_camera]  image_server.py:1116
                         initialized with 1080x1920 @ 30                        
                         FPS, FOURCC=YUYV.                                      
                         ZMQ: enabled, zmq port=55557;                          
                         WebRTC: enabled, webrtc port=60003                     
09:28:27.091045 INFO     [OpenCVCamera: right_wrist_camera] image_server.py:1116
                         initialized with 1080x1920 @ 30                        
                         FPS, FOURCC=YUYV.                                      
                         ZMQ: enabled, zmq port=55558;                          
                         WebRTC: enabled, webrtc port=60004                     
09:28:27.260808 INFO     [FFmpegDepthCamera:                image_server.py:1234
                         __head_rgbd_camera_depth]                              
                         initialized with 800x1280 @ 30                         
                         FPS, input_format=gray16le,                            
                         dtype=uint16.                                          
                         ZMQ: disabled; WebRTC: disabled                        
09:28:27.260924 INFO     [Image Server] Image server has    image_server.py:1745
                         started, waiting for client                            
                         connections...                                         
09:28:27.260965 WARNING  [Image Server] Camera head_camera  image_server.py:2060
                         is unavailable; other streams will                     
                         continue.                                              
09:28:27.260996 WARNING  [Image Server] Camera torso_camera image_server.py:2060
                         is unavailable; other streams will                     
                         continue.                                              
09:28:27.270286 INFO     [Image Server] left_wrist_camera   image_server.py:1941
                         is ready.                                              
09:28:27.273549 INFO     [WebRTC] https://0.0.0.0:60003      image_server.py:470
                         started                                                
09:28:27.284801 INFO     [Image Server] right_wrist_camera  image_server.py:1941
                         is ready.                                              
09:28:27.287261 INFO     [Image Server]                     image_server.py:1941
                         __head_rgbd_camera_depth is ready.                     
09:28:27.287565 INFO     [Image Server] RGBD stream         image_server.py:1872
                         head_rgbd_camera publishing                            
                         head_camera+__head_rgbd_camera_dep                     
                         th on ZMQ port 55560.                                  
09:28:27.287696 WARNING  [Image Server] RGBD stream         image_server.py:1906
                         head_rgbd_camera waiting for                           
                         frames from                                            
                         head_camera/__head_rgbd_camera_dep                     
                         th (1/60).                                             
09:28:27.288067 INFO     [Image Server] Started 3/5         image_server.py:2081
                         available camera streams; hot-plug                     
                         monitor enabled.                                       
09:28:27.288215 INFO     [Image Server] Running... Press    image_server.py:2187
                         Ctrl+C to exit.                                        
09:28:27.288735 INFO     [WebRTC] https://0.0.0.0:60004      image_server.py:470
                         started                                                
09:28:28.255252 WARNING  [Image Server] RGBD stream         image_server.py:1906
                         head_rgbd_camera waiting for                           
                         frames from                                            
                         head_camera/__head_rgbd_camera_dep                     
                         th (30/60).                                            
09:28:29.254707 WARNING  [Image Server] RGBD stream         image_server.py:1906
                         head_rgbd_camera waiting for                           
                         frames from                                            
                         head_camera/__head_rgbd_camera_dep                     
                         th (60/60).                                            
09:28:29.287685 WARNING  [Image Server] RGBD stream         image_server.py:1906
                         head_rgbd_camera waiting for                           
                         frames from                                            
                         head_camera/__head_rgbd_camera_dep                     
                         th (1/60).                                             
09:28:30.254366 WARNING  [Image Server] RGBD stream         image_server.py:1906
                         head_rgbd_camera waiting for                           
                         frames from                                            
                         head_camera/__head_rgbd_camera_dep                     
                         th (30/60).                                            
09:28:31.254535 WARNING  [Image Server] RGBD stream         image_server.py:1906
                         head_rgbd_camera waiting for                           
                         frames from                                            
                         head_camera/__head_rgbd_camera_dep                     
                         th (60/60).                                            
09:28:31.287689 WARNING  [Image Server] RGBD stream         image_server.py:1906
                         head_rgbd_camera waiting for                           
                         frames from                                            
                         head_camera/__head_rgbd_camera_dep                     
                         th (1/60).                                             
09:28:32.254348 WARNING  [Image Server] RGBD stream         image_server.py:1906
                         head_rgbd_camera waiting for                           
                         frames from                                            
                         head_camera/__head_rgbd_camera_dep                     
                         th (30/60).                                            
09:28:33.254369 WARNING  [Image Server] RGBD stream         image_server.py:1906
                         head_rgbd_camera waiting for                           
                         frames from                                            
                         head_camera/__head_rgbd_camera_dep                     
                         th (60/60).                                            
09:28:33.287657 WARNING  [Image Server] RGBD stream         image_server.py:1906
                         head_rgbd_camera waiting for                           
                         frames from                                            
                         head_camera/__head_rgbd_camera_dep                     
                         th (1/60).                                             
09:28:34.255120 WARNING  [Image Server] RGBD stream         image_server.py:1906
                         head_rgbd_camera waiting for                           
                         frames from                                            
                         head_camera/__head_rgbd_camera_dep                     
                         th (30/60).                                            
09:28:35.254324 WARNING  [Image Server] RGBD stream         image_server.py:1906
                         head_rgbd_camera waiting for                           
                         frames from                                            
                         head_camera/__head_rgbd_camera_dep                     
                         th (60/60).                                            
09:28:35.287696 WARNING  [Image Server] RGBD stream         image_server.py:1906
                         head_rgbd_camera waiting for                           
                         frames from                                            
                         head_camera/__head_rgbd_camera_dep                     
                         th (1/60).                                             
09:28:36.254322 WARNING  [Image Server] RGBD stream         image_server.py:1906
                         head_rgbd_camera waiting for                           
                         frames from                                            
                         head_camera/__head_rgbd_camera_dep                     
                         th (30/60).                                            
09:28:37.254326 WARNING  [Image Server] RGBD stream         image_server.py:1906
                         head_rgbd_camera waiting for                           
                         frames from                                            
                         head_camera/__head_rgbd_camera_dep                     
                         th (60/60).                                            
09:28:37.287659 WARNING  [Image Server] RGBD stream         image_server.py:1906
                         head_rgbd_camera waiting for                           
                         frames from                                            
                         head_camera/__head_rgbd_camera_dep                     
                         th (1/60).                                             
09:28:38.254359 WARNING  [Image Server] RGBD stream         image_server.py:1906
                         head_rgbd_camera waiting for                           
                         frames from                                            
                         head_camera/__head_rgbd_camera_dep                     
                         th (30/60).                                            
09:28:39.254308 WARNING  [Image Server] RGBD stream         image_server.py:1906
                         head_rgbd_camera waiting for                           
                         frames from                                            
                         head_camera/__head_rgbd_camera_dep                     
                         th (60/60).                                            
09:28:39.288734 WARNING  [Image Server] RGBD stream         image_server.py:1906
                         head_rgbd_camera waiting for                           
                         frames from                                            
                         head_camera/__head_rgbd_camera_dep                     
                         th (1/60).                                             
09:28:40.254383 WARNING  [Image Server] RGBD stream         image_server.py:1906
                         head_rgbd_camera waiting for                           
                         frames from                                            
                         head_camera/__head_rgbd_camera_dep                     
                         th (30/60).                                            
09:28:41.254339 WARNING  [Image Server] RGBD stream         image_server.py:1906
                         head_rgbd_camera waiting for                           
                         frames from                                            
                         head_camera/__head_rgbd_camera_dep                     
                         th (60/60).                                            
09:28:41.287639 WARNING  [Image Server] RGBD stream         image_server.py:1906
                         head_rgbd_camera waiting for                           
                         frames from                                            
                         head_camera/__head_rgbd_camera_dep                     
                         th (1/60).                                             
09:28:42.254344 WARNING  [Image Server] RGBD stream         image_server.py:1906
                         head_rgbd_camera waiting for                           
                         frames from                                            
                         head_camera/__head_rgbd_camera_dep                     
                         th (30/60).                                            
09:28:43.254380 WARNING  [Image Server] RGBD stream         image_server.py:1906
                         head_rgbd_camera waiting for                           
                         frames from                                            
                         head_camera/__head_rgbd_camera_dep                     
                         th (60/60).                                            
09:28:43.289088 WARNING  [Image Server] RGBD stream         image_server.py:1906
                         head_rgbd_camera waiting for                           
                         frames from                                            
                         head_camera/__head_rgbd_camera_dep                     
                         th (1/60).                                             
09:28:44.254349 WARNING  [Image Server] RGBD stream         image_server.py:1906
                         head_rgbd_camera waiting for                           
                         frames from                                            
                         head_camera/__head_rgbd_camera_dep                     
                         th (30/60).                                            
09:28:45.254321 WARNING  [Image Server] RGBD stream         image_server.py:1906
                         head_rgbd_camera waiting for                           
                         frames from                                            
                         head_camera/__head_rgbd_camera_dep                     
                         th (60/60).                                            
09:28:45.288431 WARNING  [Image Server] RGBD stream         image_server.py:1906
                         head_rgbd_camera waiting for                           
                         frames from                                            
                         head_camera/__head_rgbd_camera_dep                     
                         th (1/60).                                             
09:28:46.254359 WARNING  [Image Server] RGBD stream         image_server.py:1906
                         head_rgbd_camera waiting for                           
                         frames from                                            
                         head_camera/__head_rgbd_camera_dep                     
                         th (30/60).                                            
09:28:47.255385 WARNING  [Image Server] RGBD stream         image_server.py:1906
                         head_rgbd_camera waiting for                           
                         frames from                                            
                         head_camera/__head_rgbd_camera_dep                     
                         th (60/60).                                            
09:28:47.288372 WARNING  [Image Server] RGBD stream         image_server.py:1906
                         head_rgbd_camera waiting for                           
                         frames from                                            
                         head_camera/__head_rgbd_camera_dep                     
                         th (1/60).                                             
09:28:48.254340 WARNING  [Image Server] RGBD stream         image_server.py:1906
                         head_rgbd_camera waiting for                           
                         frames from                                            
                         head_camera/__head_rgbd_camera_dep                     
                         th (30/60).                                            
09:28:49.254365 WARNING  [Image Server] RGBD stream         image_server.py:1906
                         head_rgbd_camera waiting for                           
                         frames from                                            
                         head_camera/__head_rgbd_camera_dep                     
                         th (60/60).                                            
09:28:49.287872 WARNING  [Image Server] RGBD stream         image_server.py:1906
                         head_rgbd_camera waiting for                           
                         frames from                                            
                         head_camera/__head_rgbd_camera_dep                     
                         th (1/60).                                             
09:28:50.254309 WARNING  [Image Server] RGBD stream         image_server.py:1906
                         head_rgbd_camera waiting for                           
                         frames from                                            
                         head_camera/__head_rgbd_camera_dep                     
                         th (30/60).                                            
09:28:51.254312 WARNING  [Image Server] RGBD stream         image_server.py:1906
                         head_rgbd_camera waiting for                           
                         frames from                                            
                         head_camera/__head_rgbd_camera_dep                     
                         th (60/60).                                            
09:28:51.287649 WARNING  [Image Server] RGBD stream         image_server.py:1906
                         head_rgbd_camera waiting for                           
                         frames from                                            
                         head_camera/__head_rgbd_camera_dep                     
                         th (1/60).                                             
09:28:52.254308 WARNING  [Image Server] RGBD stream         image_server.py:1906
                         head_rgbd_camera waiting for                           
                         frames from                                            
                         head_camera/__head_rgbd_camera_dep                     
                         th (30/60).                                            
09:28:53.254328 WARNING  [Image Server] RGBD stream         image_server.py:1906
                         head_rgbd_camera waiting for                           
                         frames from                                            
                         head_camera/__head_rgbd_camera_dep                     
                         th (60/60).                                            
09:28:53.287688 WARNING  [Image Server] RGBD stream         image_server.py:1906
                         head_rgbd_camera waiting for                           
                         frames from                                            
                         head_camera/__head_rgbd_camera_dep                     
                         th (1/60).                                             
09:28:54.254344 WARNING  [Image Server] RGBD stream         image_server.py:1906
                         head_rgbd_camera waiting for                           
                         frames from                                            
                         head_camera/__head_rgbd_camera_dep                     
                         th (30/60).                                            
09:28:55.258294 WARNING  [Image Server] RGBD stream         image_server.py:1906
                         head_rgbd_camera waiting for                           
                         frames from                                            
                         head_camera/__head_rgbd_camera_dep                     
                         th (60/60).                                            
09:28:55.290102 WARNING  [Image Server] RGBD stream         image_server.py:1906
                         head_rgbd_camera waiting for                           
                         frames from                                            
                         head_camera/__head_rgbd_camera_dep                     
                         th (1/60).                                             
09:28:56.254458 WARNING  [Image Server] RGBD stream         image_server.py:1906
                         head_rgbd_camera waiting for                           
                         frames from                                            
                         head_camera/__head_rgbd_camera_dep                     
                         th (30/60).                                            
09:28:57.257424 WARNING  [Image Server] RGBD stream         image_server.py:1906
                         head_rgbd_camera waiting for                           
                         frames from                                            
                         head_camera/__head_rgbd_camera_dep                     
                         th (60/60).                                            
09:28:57.287724 WARNING  [Image Server] RGBD stream         image_server.py:1906
                         head_rgbd_camera waiting for                           
                         frames from                                            
                         head_camera/__head_rgbd_camera_dep                     
                         th (1/60).                                             
09:28:58.254446 WARNING  [Image Server] RGBD stream         image_server.py:1906
                         head_rgbd_camera waiting for                           
                         frames from                                            
                         head_camera/__head_rgbd_camera_dep                     
                         th (30/60).                                            
09:28:59.257582 WARNING  [Image Server] RGBD stream         image_server.py:1906
                         head_rgbd_camera waiting for                           
                         frames from                                            
                         head_camera/__head_rgbd_camera_dep                     
                         th (60/60).                                            
09:28:59.287712 WARNING  [Image Server] RGBD stream         image_server.py:1906
                         head_rgbd_camera waiting for                           
                         frames from                                            
                         head_camera/__head_rgbd_camera_dep                     
                         th (1/60).                                             
09:29:00.254423 WARNING  [Image Server] RGBD stream         image_server.py:1906
                         head_rgbd_camera waiting for                           
                         frames from                                            
                         head_camera/__head_rgbd_camera_dep                     
                         th (30/60).                                            
09:29:01.254376 WARNING  [Image Server] RGBD stream         image_server.py:1906
                         head_rgbd_camera waiting for                           
                         frames from                                            
                         head_camera/__head_rgbd_camera_dep                     
                         th (60/60).                                            
09:29:01.289042 WARNING  [Image Server] RGBD stream         image_server.py:1906
                         head_rgbd_camera waiting for                           
                         frames from                                            
                         head_camera/__head_rgbd_camera_dep                     
                         th (1/60).                                             
09:29:02.254378 WARNING  [Image Server] RGBD stream         image_server.py:1906
                         head_rgbd_camera waiting for                           
                         frames from                                            
                         head_camera/__head_rgbd_camera_dep                     
                         th (30/60).                                            
09:29:03.254438 WARNING  [Image Server] RGBD stream         image_server.py:1906
                         head_rgbd_camera waiting for                           
                         frames from                                            
                         head_camera/__head_rgbd_camera_dep                     
                         th (60/60).                                            
09:29:03.287717 WARNING  [Image Server] RGBD stream         image_server.py:1906
                         head_rgbd_camera waiting for                           
                         frames from                                            
                         head_camera/__head_rgbd_camera_dep                     
                         th (1/60).                                             
09:29:04.255844 WARNING  [Image Server] RGBD stream         image_server.py:1906
                         head_rgbd_camera waiting for                           
                         frames from                                            
                         head_camera/__head_rgbd_camera_dep                     
                         th (30/60).                                            
09:29:05.254368 WARNING  [Image Server] RGBD stream         image_server.py:1906
                         head_rgbd_camera waiting for                           
                         frames from                                            
                         head_camera/__head_rgbd_camera_dep                     
                         th (60/60).                                            
09:29:05.287721 WARNING  [Image Server] RGBD stream         image_server.py:1906
                         head_rgbd_camera waiting for                           
                         frames from                                            
                         head_camera/__head_rgbd_camera_dep                     
                         th (1/60).                                             
09:29:06.254420 WARNING  [Image Server] RGBD stream         image_server.py:1906
                         head_rgbd_camera waiting for                           
                         frames from                                            
                         head_camera/__head_rgbd_camera_dep                     
                         th (30/60).                                            
09:29:07.256055 WARNING  [Image Server] RGBD stream         image_server.py:1906
                         head_rgbd_camera waiting for                           
                         frames from                                            
                         head_camera/__head_rgbd_camera_dep                     
                         th (60/60).                                            
09:29:07.287724 WARNING  [Image Server] RGBD stream         image_server.py:1906
                         head_rgbd_camera waiting for                           
                         frames from                                            
                         head_camera/__head_rgbd_camera_dep                     
                         th (1/60).                                             
09:29:08.254408 WARNING  [Image Server] RGBD stream         image_server.py:1906
                         head_rgbd_camera waiting for                           
                         frames from                                            
                         head_camera/__head_rgbd_camera_dep                     
                         th (30/60).                                            
09:29:09.256829 WARNING  [Image Server] RGBD stream         image_server.py:1906
                         head_rgbd_camera waiting for                           
                         frames from                                            
                         head_camera/__head_rgbd_camera_dep                     
                         th (60/60).                                            
09:29:09.287742 WARNING  [Image Server] RGBD stream         image_server.py:1906
                         head_rgbd_camera waiting for                           
                         frames from                                            
                         head_camera/__head_rgbd_camera_dep                     
                         th (1/60).                                             
09:29:10.254399 WARNING  [Image Server] RGBD stream         image_server.py:1906
                         head_rgbd_camera waiting for                           
                         frames from                                            
                         head_camera/__head_rgbd_camera_dep                     
                         th (30/60).                                            
09:29:11.254466 WARNING  [Image Server] RGBD stream         image_server.py:1906
                         head_rgbd_camera waiting for                           
                         frames from                                            
                         head_camera/__head_rgbd_camera_dep                     
                         th (60/60).                                            
09:29:11.289809 WARNING  [Image Server] RGBD stream         image_server.py:1906
                         head_rgbd_camera waiting for                           
                         frames from                                            
                         head_camera/__head_rgbd_camera_dep                     
                         th (1/60).                                             
09:29:12.254389 WARNING  [Image Server] RGBD stream         image_server.py:1906
                         head_rgbd_camera waiting for                           
                         frames from                                            
                         head_camera/__head_rgbd_camera_dep                     
                         th (30/60).                                            
09:29:13.254441 WARNING  [Image Server] RGBD stream         image_server.py:1906
                         head_rgbd_camera waiting for                           
                         frames from                                            
                         head_camera/__head_rgbd_camera_dep                     
                         th (60/60).                                            
09:29:13.287741 WARNING  [Image Server] RGBD stream         image_server.py:1906
                         head_rgbd_camera waiting for                           
                         frames from                                            
                         head_camera/__head_rgbd_camera_dep                     
                         th (1/60).                                             
09:29:14.256777 WARNING  [Image Server] RGBD stream         image_server.py:1906
                         head_rgbd_camera waiting for                           
                         frames from                                            
                         head_camera/__head_rgbd_camera_dep                     
                         th (30/60).                                            
09:29:15.256422 WARNING  [Image Server] RGBD stream         image_server.py:1906
                         head_rgbd_camera waiting for                           
                         frames from                                            
                         head_camera/__head_rgbd_camera_dep                     
                         th (60/60).                                            
09:29:15.291602 WARNING  [Image Server] RGBD stream         image_server.py:1906
                         head_rgbd_camera waiting for                           
                         frames from                                            
                         head_camera/__head_rgbd_camera_dep                     
                         th (1/60).                                             
09:29:16.256720 WARNING  [Image Server] RGBD stream         image_server.py:1906
                         head_rgbd_camera waiting for                           
                         frames from                                            
                         head_camera/__head_rgbd_camera_dep                     
                         th (30/60).                                            
09:29:17.254421 WARNING  [Image Server] RGBD stream         image_server.py:1906
                         head_rgbd_camera waiting for                           
                         frames from                                            
                         head_camera/__head_rgbd_camera_dep                     
                         th (60/60).                                            
09:29:17.287714 WARNING  [Image Server] RGBD stream         image_server.py:1906
                         head_rgbd_camera waiting for                           
                         frames from                                            
                         head_camera/__head_rgbd_camera_dep                     
                         th (1/60).                                             
09:29:18.255441 WARNING  [Image Server] RGBD stream         image_server.py:1906
                         head_rgbd_camera waiting for                           
                         frames from                                            
                         head_camera/__head_rgbd_camera_dep                     
                         th (30/60).                                            
09:29:19.254465 WARNING  [Image Server] RGBD stream         image_server.py:1906
                         head_rgbd_camera waiting for                           
                         frames from                                            
                         head_camera/__head_rgbd_camera_dep                     
                         th (60/60).                                            
09:29:19.287730 WARNING  [Image Server] RGBD stream         image_server.py:1906
                         head_rgbd_camera waiting for                           
                         frames from                                            
                         head_camera/__head_rgbd_camera_dep                     
                         th (1/60).                                             
09:29:20.254405 WARNING  [Image Server] RGBD stream         image_server.py:1906
                         head_rgbd_camera waiting for                           
                         frames from                                            
                         head_camera/__head_rgbd_camera_dep                     
                         th (30/60).                                            
09:29:21.257210 WARNING  [Image Server] RGBD stream         image_server.py:1906
                         head_rgbd_camera waiting for                           
                         frames from                                            
                         head_camera/__head_rgbd_camera_dep                     
                         th (60/60).                                            
09:29:21.287743 WARNING  [Image Server] RGBD stream         image_server.py:1906
                         head_rgbd_camera waiting for                           
                         frames from                                            
                         head_camera/__head_rgbd_camera_dep                     
                         th (1/60).                                             
09:29:22.254320 WARNING  [Image Server] RGBD stream         image_server.py:1906
                         head_rgbd_camera waiting for                           
                         frames from                                            
                         head_camera/__head_rgbd_camera_dep                     
                         th (30/60).                                            
09:29:23.257489 WARNING  [Image Server] RGBD stream         image_server.py:1906
                         head_rgbd_camera waiting for                           
                         frames from                                            
                         head_camera/__head_rgbd_camera_dep                     
                         th (60/60).                                            
09:29:23.289729 WARNING  [Image Server] RGBD stream         image_server.py:1906
                         head_rgbd_camera waiting for                           
                         frames from                                            
                         head_camera/__head_rgbd_camera_dep                     
                         th (1/60).                                             
09:29:24.254365 WARNING  [Image Server] RGBD stream         image_server.py:1906
                         head_rgbd_camera waiting for                           
                         frames from                                            
                         head_camera/__head_rgbd_camera_dep                     
                         th (30/60).                                            
09:29:25.257562 WARNING  [Image Server] RGBD stream         image_server.py:1906
                         head_rgbd_camera waiting for                           
                         frames from                                            
                         head_camera/__head_rgbd_camera_dep                     
                         th (60/60).                                            
09:29:25.287735 WARNING  [Image Server] RGBD stream         image_server.py:1906
                         head_rgbd_camera waiting for                           
                         frames from                                            
                         head_camera/__head_rgbd_camera_dep                     
                         th (1/60).                                             
09:29:26.254469 WARNING  [Image Server] RGBD stream         image_server.py:1906
                         head_rgbd_camera waiting for                           
                         frames from                                            
                         head_camera/__head_rgbd_camera_dep                     
                         th (30/60).                                            
09:29:27.254416 WARNING  [Image Server] RGBD stream         image_server.py:1906
                         head_rgbd_camera waiting for                           
                         frames from                                            
                         head_camera/__head_rgbd_camera_dep                     
                         th (60/60).                                            
09:29:27.287679 WARNING  [Image Server] RGBD stream         image_server.py:1906
                         head_rgbd_camera waiting for                           
                         frames from                                            
                         head_camera/__head_rgbd_camera_dep                     
                         th (1/60).                                             
09:29:28.254405 WARNING  [Image Server] RGBD stream         image_server.py:1906
                         head_rgbd_camera waiting for                           
                         frames from                                            
                         head_camera/__head_rgbd_camera_dep                     
                         th (30/60).                                            
09:29:29.254372 WARNING  [Image Server] RGBD stream         image_server.py:1906
                         head_rgbd_camera waiting for                           
                         frames from                                            
                         head_camera/__head_rgbd_camera_dep                     
                         th (60/60).                                            
09:29:29.287722 WARNING  [Image Server] RGBD stream         image_server.py:1906
                         head_rgbd_camera waiting for                           
                         frames from                                            
                         head_camera/__head_rgbd_camera_dep                     
                         th (1/60).                                             
09:29:30.255238 WARNING  [Image Server] RGBD stream         image_server.py:1906
                         head_rgbd_camera waiting for                           
                         frames from                                            
                         head_camera/__head_rgbd_camera_dep                     
                         th (30/60).                                            
09:29:31.254362 WARNING  [Image Server] RGBD stream         image_server.py:1906
                         head_rgbd_camera waiting for                           
                         frames from                                            
                         head_camera/__head_rgbd_camera_dep                     
                         th (60/60).                                            
09:29:31.287667 WARNING  [Image Server] RGBD stream         image_server.py:1906
                         head_rgbd_camera waiting for                           
                         frames from                                            
                         head_camera/__head_rgbd_camera_dep                     
                         th (1/60).                                             
09:29:32.254449 WARNING  [Image Server] RGBD stream         image_server.py:1906
                         head_rgbd_camera waiting for                           
                         frames from                                            
                         head_camera/__head_rgbd_camera_dep                     
                         th (30/60).                                            
09:29:33.256535 WARNING  [Image Server] RGBD stream         image_server.py:1906
                         head_rgbd_camera waiting for                           
                         frames from                                            
                         head_camera/__head_rgbd_camera_dep                     
                         th (60/60).                                            
09:29:33.289061 WARNING  [Image Server] RGBD stream         image_server.py:1906
                         head_rgbd_camera waiting for                           
                         frames from                                            
                         head_camera/__head_rgbd_camera_dep                     
                         th (1/60).                                             
09:29:34.255465 WARNING  [Image Server] RGBD stream         image_server.py:1906
                         head_rgbd_camera waiting for                           
                         frames from                                            
                         head_camera/__head_rgbd_camera_dep                     
                         th (30/60).                                            
09:29:35.255050 WARNING  [Image Server] RGBD stream         image_server.py:1906
                         head_rgbd_camera waiting for                           
                         frames from                                            
                         head_camera/__head_rgbd_camera_dep                     
                         th (60/60).                                            
09:29:35.287652 WARNING  [Image Server] RGBD stream         image_server.py:1906
                         head_rgbd_camera waiting for                           
                         frames from                                            
                         head_camera/__head_rgbd_camera_dep                     
                         th (1/60).                                             
09:29:36.254393 WARNING  [Image Server] RGBD stream         image_server.py:1906
                         head_rgbd_camera waiting for                           
                         frames from                                            
                         head_camera/__head_rgbd_camera_dep                     
                         th (30/60).                                            
09:29:37.254316 WARNING  [Image Server] RGBD stream         image_server.py:1906
                         head_rgbd_camera waiting for                           
                         frames from                                            
                         head_camera/__head_rgbd_camera_dep                     
                         th (60/60).                                            
09:29:37.287681 WARNING  [Image Server] RGBD stream         image_server.py:1906
                         head_rgbd_camera waiting for                           
                         frames from                                            
                         head_camera/__head_rgbd_camera_dep                     
                         th (1/60).                                             
09:29:38.254306 WARNING  [Image Server] RGBD stream         image_server.py:1906
                         head_rgbd_camera waiting for                           
                         frames from                                            
                         head_camera/__head_rgbd_camera_dep                     
                         th (30/60).                                            
09:29:39.254333 WARNING  [Image Server] RGBD stream         image_server.py:1906
                         head_rgbd_camera waiting for                           
                         frames from                                            
                         head_camera/__head_rgbd_camera_dep                     
                         th (60/60).                                            
09:29:39.289218 WARNING  [Image Server] RGBD stream         image_server.py:1906
                         head_rgbd_camera waiting for                           
                         frames from                                            
                         head_camera/__head_rgbd_camera_dep                     
                         th (1/60).                                             
09:29:40.255502 WARNING  [Image Server] RGBD stream         image_server.py:1906
                         head_rgbd_camera waiting for                           
                         frames from                                            
                         head_camera/__head_rgbd_camera_dep                     
                         th (30/60).                                            
09:29:41.256242 WARNING  [Image Server] RGBD stream         image_server.py:1906
                         head_rgbd_camera waiting for                           
                         frames from                                            
                         head_camera/__head_rgbd_camera_dep                     
                         th (60/60).                                            
09:29:41.290261 WARNING  [Image Server] RGBD stream         image_server.py:1906
                         head_rgbd_camera waiting for                           
                         frames from                                            
                         head_camera/__head_rgbd_camera_dep                     
                         th (1/60).                                             
09:29:42.255230 WARNING  [Image Server] RGBD stream         image_server.py:1906
                         head_rgbd_camera waiting for                           
                         frames from                                            
                         head_camera/__head_rgbd_camera_dep                     
                         th (30/60).                                            
09:29:43.254861 WARNING  [Image Server] RGBD stream         image_server.py:1906
                         head_rgbd_camera waiting for                           
                         frames from                                            
                         head_camera/__head_rgbd_camera_dep                     
                         th (60/60).                                            
09:29:43.287653 WARNING  [Image Server] RGBD stream         image_server.py:1906
                         head_rgbd_camera waiting for                           
                         frames from                                            
                         head_camera/__head_rgbd_camera_dep                     
                         th (1/60).                                             
09:29:44.254474 WARNING  [Image Server] RGBD stream         image_server.py:1906
                         head_rgbd_camera waiting for                           
                         frames from                                            
                         head_camera/__head_rgbd_camera_dep                     
                         th (30/60).                                            
09:29:45.254322 WARNING  [Image Server] RGBD stream         image_server.py:1906
                         head_rgbd_camera waiting for                           
                         frames from                                            
                         head_camera/__head_rgbd_camera_dep                     
                         th (60/60).                                            
09:29:45.289242 WARNING  [Image Server] RGBD stream         image_server.py:1906
                         head_rgbd_camera waiting for                           
                         frames from                                            
                         head_camera/__head_rgbd_camera_dep                     
                         th (1/60).                                             
09:29:46.254318 WARNING  [Image Server] RGBD stream         image_server.py:1906
                         head_rgbd_camera waiting for                           
                         frames from                                            
                         head_camera/__head_rgbd_camera_dep                     
                         th (30/60).                                            
09:29:47.254586 WARNING  [Image Server] RGBD stream         image_server.py:1906
                         head_rgbd_camera waiting for                           
                         frames from                                            
                         head_camera/__head_rgbd_camera_dep                     
                         th (60/60).                                            
09:29:47.290835 WARNING  [Image Server] RGBD stream         image_server.py:1906
                         head_rgbd_camera waiting for                           
                         frames from                                            
                         head_camera/__head_rgbd_camera_dep                     
                         th (1/60).                                             
09:29:48.254413 WARNING  [Image Server] RGBD stream         image_server.py:1906
                         head_rgbd_camera waiting for                           
                         frames from                                            
                         head_camera/__head_rgbd_camera_dep                     
                         th (30/60).                                            
09:29:49.255275 WARNING  [Image Server] RGBD stream         image_server.py:1906
                         head_rgbd_camera waiting for                           
                         frames from                                            
                         head_camera/__head_rgbd_camera_dep                     
                         th (60/60).                                            
09:29:49.287732 WARNING  [Image Server] RGBD stream         image_server.py:1906
                         head_rgbd_camera waiting for                           
                         frames from                                            
                         head_camera/__head_rgbd_camera_dep                     
                         th (1/60).                                             
09:29:50.254887 WARNING  [Image Server] RGBD stream         image_server.py:1906
                         head_rgbd_camera waiting for                           
                         frames from                                            
                         head_camera/__head_rgbd_camera_dep                     
                         th (30/60).                                            
09:29:51.254377 WARNING  [Image Server] RGBD stream         image_server.py:1906
                         head_rgbd_camera waiting for                           
                         frames from                                            
                         head_camera/__head_rgbd_camera_dep                     
                         th (60/60).                                            
09:29:51.287643 WARNING  [Image Server] RGBD stream         image_server.py:1906
                         head_rgbd_camera waiting for                           
                         frames from                                            
                         head_camera/__head_rgbd_camera_dep                     
                         th (1/60).                                             
09:29:52.257772 WARNING  [Image Server] RGBD stream         image_server.py:1906
                         head_rgbd_camera waiting for                           
                         frames from                                            
                         head_camera/__head_rgbd_camera_dep                     
                         th (30/60).                                            
09:29:53.256160 WARNING  [Image Server] RGBD stream         image_server.py:1906
                         head_rgbd_camera waiting for                           
                         frames from                                            
                         head_camera/__head_rgbd_camera_dep                     
                         th (60/60).                                            
09:29:53.289268 WARNING  [Image Server] RGBD stream         image_server.py:1906
                         head_rgbd_camera waiting for                           
                         frames from                                            
                         head_camera/__head_rgbd_camera_dep                     
                         th (1/60).                                             
09:29:54.254314 WARNING  [Image Server] RGBD stream         image_server.py:1906
                         head_rgbd_camera waiting for                           
                         frames from                                            
                         head_camera/__head_rgbd_camera_dep                     
                         th (30/60).                                            
09:29:55.254316 WARNING  [Image Server] RGBD stream         image_server.py:1906
                         head_rgbd_camera waiting for                           
                         frames from                                            
                         head_camera/__head_rgbd_camera_dep                     
                         th (60/60).                                            
09:29:55.287692 WARNING  [Image Server] RGBD stream         image_server.py:1906
                         head_rgbd_camera waiting for                           
                         frames from                                            
                         head_camera/__head_rgbd_camera_dep                     
                         th (1/60).                                             
09:29:56.254342 WARNING  [Image Server] RGBD stream         image_server.py:1906
                         head_rgbd_camera waiting for                           
                         frames from                                            
                         head_camera/__head_rgbd_camera_dep                     
                         th (30/60).                                            
09:29:57.257145 WARNING  [Image Server] RGBD stream         image_server.py:1906
                         head_rgbd_camera waiting for                           
                         frames from                                            
                         head_camera/__head_rgbd_camera_dep                     
                         th (60/60).                                            
09:29:57.287649 WARNING  [Image Server] RGBD stream         image_server.py:1906
                         head_rgbd_camera waiting for                           
                         frames from                                            
                         head_camera/__head_rgbd_camera_dep                     
                         th (1/60).                                             
09:29:58.254432 WARNING  [Image Server] RGBD stream         image_server.py:1906
                         head_rgbd_camera waiting for                           
                         frames from                                            
                         head_camera/__head_rgbd_camera_dep                     
                         th (30/60).                                            
09:29:59.254757 WARNING  [Image Server] RGBD stream         image_server.py:1906
                         head_rgbd_camera waiting for                           
                         frames from                                            
                         head_camera/__head_rgbd_camera_dep                     
                         th (60/60).                                            
09:29:59.287702 WARNING  [Image Server] RGBD stream         image_server.py:1906
                         head_rgbd_camera waiting for                           
                         frames from                                            
                         head_camera/__head_rgbd_camera_dep                     
                         th (1/60).                                             
09:30:00.255445 WARNING  [Image Server] RGBD stream         image_server.py:1906
                         head_rgbd_camera waiting for                           
                         frames from                                            
                         head_camera/__head_rgbd_camera_dep                     
                         th (30/60).                                            
09:30:01.255328 WARNING  [Image Server] RGBD stream         image_server.py:1906
                         head_rgbd_camera waiting for                           
                         frames from                                            
                         head_camera/__head_rgbd_camera_dep                     
                         th (60/60).                                            
09:30:01.287960 WARNING  [Image Server] RGBD stream         image_server.py:1906
                         head_rgbd_camera waiting for                           
                         frames from                                            
                         head_camera/__head_rgbd_camera_dep                     
                         th (1/60).                                             
09:30:02.255825 WARNING  [Image Server] RGBD stream         image_server.py:1906
                         head_rgbd_camera waiting for                           
                         frames from                                            
                         head_camera/__head_rgbd_camera_dep                     
                         th (30/60).                                            
09:30:03.255729 WARNING  [Image Server] RGBD stream         image_server.py:1906
                         head_rgbd_camera waiting for                           
                         frames from                                            
                         head_camera/__head_rgbd_camera_dep                     
                         th (60/60).                                            
09:30:03.287686 WARNING  [Image Server] RGBD stream         image_server.py:1906
                         head_rgbd_camera waiting for                           
                         frames from                                            
                         head_camera/__head_rgbd_camera_dep                     
                         th (1/60).                                             
09:30:04.254348 WARNING  [Image Server] RGBD stream         image_server.py:1906
                         head_rgbd_camera waiting for                           
                         frames from                                            
                         head_camera/__head_rgbd_camera_dep                     
                         th (30/60).                                            
09:30:05.254340 WARNING  [Image Server] RGBD stream         image_server.py:1906
                         head_rgbd_camera waiting for                           
                         frames from                                            
                         head_camera/__head_rgbd_camera_dep                     
                         th (60/60).                                            
09:30:05.287647 WARNING  [Image Server] RGBD stream         image_server.py:1906
                         head_rgbd_camera waiting for                           
                         frames from                                            
                         head_camera/__head_rgbd_camera_dep                     
                         th (1/60).                                             
09:30:06.254493 WARNING  [Image Server] RGBD stream         image_server.py:1906
                         head_rgbd_camera waiting for                           
                         frames from                                            
                         head_camera/__head_rgbd_camera_dep                     
                         th (30/60).                                            
09:30:07.255751 WARNING  [Image Server] RGBD stream         image_server.py:1906
                         head_rgbd_camera waiting for                           
                         frames from                                            
                         head_camera/__head_rgbd_camera_dep                     
                         th (60/60).                                            
09:30:07.289662 WARNING  [Image Server] RGBD stream         image_server.py:1906
                         head_rgbd_camera waiting for                           
                         frames from                                            
                         head_camera/__head_rgbd_camera_dep                     
                         th (1/60).                                             
09:30:08.256406 WARNING  [Image Server] RGBD stream         image_server.py:1906
                         head_rgbd_camera waiting for                           
                         frames from                                            
                         head_camera/__head_rgbd_camera_dep                     
                         th (30/60).                                            
09:30:09.255858 WARNING  [Image Server] RGBD stream         image_server.py:1906
                         head_rgbd_camera waiting for                           
                         frames from                                            
                         head_camera/__head_rgbd_camera_dep                     
                         th (60/60).                                            
09:30:09.288579 WARNING  [Image Server] RGBD stream         image_server.py:1906
                         head_rgbd_camera waiting for                           
                         frames from                                            
                         head_camera/__head_rgbd_camera_dep                     
                         th (1/60).                                             
09:30:10.254400 WARNING  [Image Server] RGBD stream         image_server.py:1906
                         head_rgbd_camera waiting for                           
                         frames from                                            
                         head_camera/__head_rgbd_camera_dep                     
                         th (30/60).                                            
09:30:11.254333 WARNING  [Image Server] RGBD stream         image_server.py:1906
                         head_rgbd_camera waiting for                           
                         frames from                                            
                         head_camera/__head_rgbd_camera_dep                     
                         th (60/60).                                            
09:30:11.287958 WARNING  [Image Server] RGBD stream         image_server.py:1906
                         head_rgbd_camera waiting for                           
                         frames from                                            
                         head_camera/__head_rgbd_camera_dep                     
                         th (1/60).                                             
09:30:12.254445 WARNING  [Image Server] RGBD stream         image_server.py:1906
                         head_rgbd_camera waiting for                           
                         frames from                                            
                         head_camera/__head_rgbd_camera_dep                     
                         th (30/60).                                            
09:30:13.256512 WARNING  [Image Server] RGBD stream         image_server.py:1906
                         head_rgbd_camera waiting for                           
                         frames from                                            
                         head_camera/__head_rgbd_camera_dep                     
                         th (60/60).                                            
09:30:13.287718 WARNING  [Image Server] RGBD stream         image_server.py:1906
                         head_rgbd_camera waiting for                           
                         frames from                                            
                         head_camera/__head_rgbd_camera_dep                     
                         th (1/60).                                             
09:30:14.254351 WARNING  [Image Server] RGBD stream         image_server.py:1906
                         head_rgbd_camera waiting for                           
                         frames from                                            
                         head_camera/__head_rgbd_camera_dep                     
                         th (30/60).                                            
09:30:15.258657 WARNING  [Image Server] RGBD stream         image_server.py:1906
                         head_rgbd_camera waiting for                           
                         frames from                                            
                         head_camera/__head_rgbd_camera_dep                     
                         th (60/60).                                            
09:30:15.287747 WARNING  [Image Server] RGBD stream         image_server.py:1906
                         head_rgbd_camera waiting for                           
                         frames from                                            
                         head_camera/__head_rgbd_camera_dep                     
                         th (1/60).                                             
09:30:16.255702 WARNING  [Image Server] RGBD stream         image_server.py:1906
                         head_rgbd_camera waiting for                           
                         frames from                                            
                         head_camera/__head_rgbd_camera_dep                     
                         th (30/60).                                            
09:30:17.254462 WARNING  [Image Server] RGBD stream         image_server.py:1906
                         head_rgbd_camera waiting for                           
                         frames from                                            
                         head_camera/__head_rgbd_camera_dep                     
                         th (60/60).                                            
09:30:17.287723 WARNING  [Image Server] RGBD stream         image_server.py:1906
                         head_rgbd_camera waiting for                           
                         frames from                                            
                         head_camera/__head_rgbd_camera_dep                     
                         th (1/60).                                             
09:30:18.256822 WARNING  [Image Server] RGBD stream         image_server.py:1906
                         head_rgbd_camera waiting for                           
                         frames from                                            
                         head_camera/__head_rgbd_camera_dep                     
                         th (30/60).                                            
09:30:19.254649 WARNING  [Image Server] RGBD stream         image_server.py:1906
                         head_rgbd_camera waiting for                           
                         frames from                                            
                         head_camera/__head_rgbd_camera_dep                     
                         th (60/60).                                            
09:30:19.288574 WARNING  [Image Server] RGBD stream         image_server.py:1906
                         head_rgbd_camera waiting for                           
                         frames from                                            
                         head_camera/__head_rgbd_camera_dep                     
                         th (1/60).                                             
09:30:20.254511 WARNING  [Image Server] RGBD stream         image_server.py:1906
                         head_rgbd_camera waiting for                           
                         frames from                                            
                         head_camera/__head_rgbd_camera_dep                     
                         th (30/60).                                            
09:30:21.254337 WARNING  [Image Server] RGBD stream         image_server.py:1906
                         head_rgbd_camera waiting for                           
                         frames from                                            
                         head_camera/__head_rgbd_camera_dep                     
                         th (60/60).                                            
09:30:21.289070 WARNING  [Image Server] RGBD stream         image_server.py:1906
                         head_rgbd_camera waiting for                           
                         frames from                                            
                         head_camera/__head_rgbd_camera_dep                     
                         th (1/60).                                             
09:30:22.254369 WARNING  [Image Server] RGBD stream         image_server.py:1906
                         head_rgbd_camera waiting for                           
                         frames from                                            
                         head_camera/__head_rgbd_camera_dep                     
                         th (30/60).                                            
09:30:23.254335 WARNING  [Image Server] RGBD stream         image_server.py:1906
                         head_rgbd_camera waiting for                           
                         frames from                                            
                         head_camera/__head_rgbd_camera_dep                     
                         th (60/60).                                            
09:30:23.287654 WARNING  [Image Server] RGBD stream         image_server.py:1906
                         head_rgbd_camera waiting for                           
                         frames from                                            
                         head_camera/__head_rgbd_camera_dep                     
                         th (1/60).                                             
09:30:24.254363 WARNING  [Image Server] RGBD stream         image_server.py:1906
                         head_rgbd_camera waiting for                           
                         frames from                                            
                         head_camera/__head_rgbd_camera_dep                     
                         th (30/60).                                            
09:30:25.254467 WARNING  [Image Server] RGBD stream         image_server.py:1906
                         head_rgbd_camera waiting for                           
                         frames from                                            
                         head_camera/__head_rgbd_camera_dep                     
                         th (60/60).                                            
09:30:25.287845 WARNING  [Image Server] RGBD stream         image_server.py:1906
                         head_rgbd_camera waiting for                           
                         frames from                                            
                         head_camera/__head_rgbd_camera_dep                     
                         th (1/60).                                             
09:30:26.255668 WARNING  [Image Server] RGBD stream         image_server.py:1906
                         head_rgbd_camera waiting for                           
                         frames from                                            
                         head_camera/__head_rgbd_camera_dep                     
                         th (30/60).                                            
09:30:27.256511 WARNING  [Image Server] RGBD stream         image_server.py:1906
                         head_rgbd_camera waiting for                           
                         frames from                                            
                         head_camera/__head_rgbd_camera_dep                     
                         th (60/60).                                            
09:30:27.287703 WARNING  [Image Server] RGBD stream         image_server.py:1906
                         head_rgbd_camera waiting for                           
                         frames from                                            
                         head_camera/__head_rgbd_camera_dep                     
                         th (1/60).                                             
09:30:28.254412 WARNING  [Image Server] RGBD stream         image_server.py:1906
                         head_rgbd_camera waiting for                           
                         frames from                                            
                         head_camera/__head_rgbd_camera_dep                     
                         th (30/60).                                            
09:30:29.254339 WARNING  [Image Server] RGBD stream         image_server.py:1906
                         head_rgbd_camera waiting for                           
                         frames from                                            
                         head_camera/__head_rgbd_camera_dep                     
                         th (60/60).                                            
09:30:29.288565 WARNING  [Image Server] RGBD stream         image_server.py:1906
                         head_rgbd_camera waiting for                           
                         frames from                                            
                         head_camera/__head_rgbd_camera_dep                     
                         th (1/60).                                             
09:30:30.254760 WARNING  [Image Server] RGBD stream         image_server.py:1906
                         head_rgbd_camera waiting for                           
                         frames from                                            
                         head_camera/__head_rgbd_camera_dep                     
                         th (30/60).                                            
09:30:31.254967 WARNING  [Image Server] RGBD stream         image_server.py:1906
                         head_rgbd_camera waiting for                           
                         frames from                                            
                         head_camera/__head_rgbd_camera_dep                     
                         th (60/60).                                            
09:30:31.289351 WARNING  [Image Server] RGBD stream         image_server.py:1906
                         head_rgbd_camera waiting for                           
                         frames from                                            
                         head_camera/__head_rgbd_camera_dep                     
                         th (1/60).                                             
09:30:32.254449 WARNING  [Image Server] RGBD stream         image_server.py:1906
                         head_rgbd_camera waiting for                           
                         frames from                                            
                         head_camera/__head_rgbd_camera_dep                     
                         th (30/60).                                            
09:30:33.256338 WARNING  [Image Server] RGBD stream         image_server.py:1906
                         head_rgbd_camera waiting for                           
                         frames from                                            
                         head_camera/__head_rgbd_camera_dep                     
                         th (60/60).                                            
09:30:33.287719 WARNING  [Image Server] RGBD stream         image_server.py:1906
                         head_rgbd_camera waiting for                           
                         frames from                                            
                         head_camera/__head_rgbd_camera_dep                     
                         th (1/60).                                             
09:30:34.255361 WARNING  [Image Server] RGBD stream         image_server.py:1906
                         head_rgbd_camera waiting for                           
                         frames from                                            
                         head_camera/__head_rgbd_camera_dep                     
                         th (30/60).                                            
09:30:35.254433 WARNING  [Image Server] RGBD stream         image_server.py:1906
                         head_rgbd_camera waiting for                           
                         frames from                                            
                         head_camera/__head_rgbd_camera_dep                     
                         th (60/60).                                            
09:30:35.287881 WARNING  [Image Server] RGBD stream         image_server.py:1906
                         head_rgbd_camera waiting for                           
                         frames from                                            
                         head_camera/__head_rgbd_camera_dep                     
                         th (1/60).                                             
09:30:36.255363 WARNING  [Image Server] RGBD stream         image_server.py:1906
                         head_rgbd_camera waiting for                           
                         frames from                                            
                         head_camera/__head_rgbd_camera_dep                     
                         th (30/60).                                            
09:30:37.255670 WARNING  [Image Server] RGBD stream         image_server.py:1906
                         head_rgbd_camera waiting for                           
                         frames from                                            
                         head_camera/__head_rgbd_camera_dep                     
                         th (60/60).                                            
09:30:37.288508 WARNING  [Image Server] RGBD stream         image_server.py:1906
                         head_rgbd_camera waiting for                           
                         frames from                                            
                         head_camera/__head_rgbd_camera_dep                     
                         th (1/60).                                             
09:30:38.254452 WARNING  [Image Server] RGBD stream         image_server.py:1906
                         head_rgbd_camera waiting for                           
                         frames from                                            
                         head_camera/__head_rgbd_camera_dep                     
                         th (30/60).                                            
09:30:39.254789 WARNING  [Image Server] RGBD stream         image_server.py:1906
                         head_rgbd_camera waiting for                           
                         frames from                                            
                         head_camera/__head_rgbd_camera_dep                     
                         th (60/60).                                            
09:30:39.287671 WARNING  [Image Server] RGBD stream         image_server.py:1906
                         head_rgbd_camera waiting for                           
                         frames from                                            
                         head_camera/__head_rgbd_camera_dep                     
                         th (1/60).                                             
09:30:40.255489 WARNING  [Image Server] RGBD stream         image_server.py:1906
                         head_rgbd_camera waiting for                           
                         frames from                                            
                         head_camera/__head_rgbd_camera_dep                     
                         th (30/60).                                            
09:30:41.255007 WARNING  [Image Server] RGBD stream         image_server.py:1906
                         head_rgbd_camera waiting for                           
                         frames from                                            
                         head_camera/__head_rgbd_camera_dep                     
                         th (60/60).                                            
09:30:41.287986 WARNING  [Image Server] RGBD stream         image_server.py:1906
                         head_rgbd_camera waiting for                           
                         frames from                                            
                         head_camera/__head_rgbd_camera_dep                     
                         th (1/60).                                             
09:30:42.255191 WARNING  [Image Server] RGBD stream         image_server.py:1906
                         head_rgbd_camera waiting for                           
                         frames from                                            
                         head_camera/__head_rgbd_camera_dep                     
                         th (30/60).                                            
09:30:43.254380 WARNING  [Image Server] RGBD stream         image_server.py:1906
                         head_rgbd_camera waiting for                           
                         frames from                                            
                         head_camera/__head_rgbd_camera_dep                     
                         th (60/60).                                            
09:30:43.287702 WARNING  [Image Server] RGBD stream         image_server.py:1906
                         head_rgbd_camera waiting for                           
                         frames from                                            
                         head_camera/__head_rgbd_camera_dep                     
                         th (1/60).                                             
09:30:44.257405 WARNING  [Image Server] RGBD stream         image_server.py:1906
                         head_rgbd_camera waiting for                           
                         frames from                                            
                         head_camera/__head_rgbd_camera_dep                     
                         th (30/60).                                            
09:30:45.255181 WARNING  [Image Server] RGBD stream         image_server.py:1906
                         head_rgbd_camera waiting for                           
                         frames from                                            
                         head_camera/__head_rgbd_camera_dep                     
                         th (60/60).                                            
09:30:45.288967 WARNING  [Image Server] RGBD stream         image_server.py:1906
                         head_rgbd_camera waiting for                           
                         frames from                                            
                         head_camera/__head_rgbd_camera_dep                     
                         th (1/60).                                             
09:30:46.255457 WARNING  [Image Server] RGBD stream         image_server.py:1906
                         head_rgbd_camera waiting for                           
                         frames from                                            
                         head_camera/__head_rgbd_camera_dep                     
                         th (30/60).                                            
09:30:47.256848 WARNING  [Image Server] RGBD stream         image_server.py:1906
                         head_rgbd_camera waiting for                           
                         frames from                                            
                         head_camera/__head_rgbd_camera_dep                     
                         th (60/60).                                            
09:30:47.288890 WARNING  [Image Server] RGBD stream         image_server.py:1906
                         head_rgbd_camera waiting for                           
                         frames from                                            
                         head_camera/__head_rgbd_camera_dep                     
                         th (1/60).                                             
09:30:48.255059 WARNING  [Image Server] RGBD stream         image_server.py:1906
                         head_rgbd_camera waiting for                           
                         frames from                                            
                         head_camera/__head_rgbd_camera_dep                     
                         th (30/60).                                            
09:30:49.254355 WARNING  [Image Server] RGBD stream         image_server.py:1906
                         head_rgbd_camera waiting for                           
                         frames from                                            
                         head_camera/__head_rgbd_camera_dep                     
                         th (60/60).                                            
09:30:49.287672 WARNING  [Image Server] RGBD stream         image_server.py:1906
                         head_rgbd_camera waiting for                           
                         frames from                                            
                         head_camera/__head_rgbd_camera_dep                     
                         th (1/60).                                             
09:30:50.254333 WARNING  [Image Server] RGBD stream         image_server.py:1906
                         head_rgbd_camera waiting for                           
                         frames from                                            
                         head_camera/__head_rgbd_camera_dep                     
                         th (30/60).                                            
09:30:51.254355 WARNING  [Image Server] RGBD stream         image_server.py:1906
                         head_rgbd_camera waiting for                           
                         frames from                                            
                         head_camera/__head_rgbd_camera_dep                     
                         th (60/60).                                            
09:30:51.287694 WARNING  [Image Server] RGBD stream         image_server.py:1906
                         head_rgbd_camera waiting for                           
                         frames from                                            
                         head_camera/__head_rgbd_camera_dep                     
                         th (1/60).                                             
09:30:52.255721 WARNING  [Image Server] RGBD stream         image_server.py:1906
                         head_rgbd_camera waiting for                           
                         frames from                                            
                         head_camera/__head_rgbd_camera_dep                     
                         th (30/60).                                            
09:30:53.254377 WARNING  [Image Server] RGBD stream         image_server.py:1906
                         head_rgbd_camera waiting for                           
                         frames from                                            
                         head_camera/__head_rgbd_camera_dep                     
                         th (60/60).                                            
09:30:53.287616 WARNING  [Image Server] RGBD stream         image_server.py:1906
                         head_rgbd_camera waiting for                           
                         frames from                                            
                         head_camera/__head_rgbd_camera_dep                     
                         th (1/60).                                             
09:30:54.254780 WARNING  [Image Server] RGBD stream         image_server.py:1906
                         head_rgbd_camera waiting for                           
                         frames from                                            
                         head_camera/__head_rgbd_camera_dep                     
                         th (30/60).                                            
09:30:55.254437 WARNING  [Image Server] RGBD stream         image_server.py:1906
                         head_rgbd_camera waiting for                           
                         frames from                                            
                         head_camera/__head_rgbd_camera_dep                     
                         th (60/60).                                            
09:30:55.289665 WARNING  [Image Server] RGBD stream         image_server.py:1906
                         head_rgbd_camera waiting for                           
                         frames from                                            
                         head_camera/__head_rgbd_camera_dep                     
                         th (1/60).                                             
09:30:56.255693 WARNING  [Image Server] RGBD stream         image_server.py:1906
                         head_rgbd_camera waiting for                           
                         frames from                                            
                         head_camera/__head_rgbd_camera_dep                     
                         th (30/60).                                            
09:30:57.254407 WARNING  [Image Server] RGBD stream         image_server.py:1906
                         head_rgbd_camera waiting for                           
                         frames from                                            
                         head_camera/__head_rgbd_camera_dep                     
                         th (60/60).                                            
09:30:57.287776 WARNING  [Image Server] RGBD stream         image_server.py:1906
                         head_rgbd_camera waiting for                           
                         frames from                                            
                         head_camera/__head_rgbd_camera_dep                     
                         th (1/60).                                             
09:30:58.256156 WARNING  [Image Server] RGBD stream         image_server.py:1906
                         head_rgbd_camera waiting for                           
                         frames from                                            
                         head_camera/__head_rgbd_camera_dep                     
                         th (30/60).                                            
09:30:59.254685 WARNING  [Image Server] RGBD stream         image_server.py:1906
                         head_rgbd_camera waiting for                           
                         frames from                                            
                         head_camera/__head_rgbd_camera_dep                     
                         th (60/60).                                            
09:30:59.287679 WARNING  [Image Server] RGBD stream         image_server.py:1906
                         head_rgbd_camera waiting for                           
                         frames from                                            
                         head_camera/__head_rgbd_camera_dep                     
                         th (1/60).                                             
09:31:00.256621 WARNING  [Image Server] RGBD stream         image_server.py:1906
                         head_rgbd_camera waiting for                           
                         frames from                                            
                         head_camera/__head_rgbd_camera_dep                     
                         th (30/60).                                            
09:31:01.255184 WARNING  [Image Server] RGBD stream         image_server.py:1906
                         head_rgbd_camera waiting for                           
                         frames from                                            
                         head_camera/__head_rgbd_camera_dep                     
                         th (60/60).                                            
09:31:01.291482 WARNING  [Image Server] RGBD stream         image_server.py:1906
                         head_rgbd_camera waiting for                           
                         frames from                                            
                         head_camera/__head_rgbd_camera_dep                     
                         th (1/60).                                             
09:31:02.255122 WARNING  [Image Server] RGBD stream         image_server.py:1906
                         head_rgbd_camera waiting for                           
                         frames from                                            
                         head_camera/__head_rgbd_camera_dep                     
                         th (30/60).                                            
09:31:03.255897 WARNING  [Image Server] RGBD stream         image_server.py:1906
                         head_rgbd_camera waiting for                           
                         frames from                                            
                         head_camera/__head_rgbd_camera_dep                     
                         th (60/60).                                            
09:31:03.290150 WARNING  [Image Server] RGBD stream         image_server.py:1906
                         head_rgbd_camera waiting for                           
                         frames from                                            
                         head_camera/__head_rgbd_camera_dep                     
                         th (1/60).                                             
09:31:04.255540 WARNING  [Image Server] RGBD stream         image_server.py:1906
                         head_rgbd_camera waiting for                           
                         frames from                                            
                         head_camera/__head_rgbd_camera_dep                     
                         th (30/60).                                            
09:31:05.254367 WARNING  [Image Server] RGBD stream         image_server.py:1906
                         head_rgbd_camera waiting for                           
                         frames from                                            
                         head_camera/__head_rgbd_camera_dep                     
                         th (60/60).                                            
09:31:05.287678 WARNING  [Image Server] RGBD stream         image_server.py:1906
                         head_rgbd_camera waiting for                           
                         frames from                                            
                         head_camera/__head_rgbd_camera_dep                     
                         th (1/60).                                             
09:31:06.255609 WARNING  [Image Server] RGBD stream         image_server.py:1906
                         head_rgbd_camera waiting for                           
                         frames from                                            
                         head_camera/__head_rgbd_camera_dep                     
                         th (30/60).                                            
09:31:07.254405 WARNING  [Image Server] RGBD stream         image_server.py:1906
                         head_rgbd_camera waiting for                           
                         frames from                                            
                         head_camera/__head_rgbd_camera_dep                     
                         th (60/60).                                            
09:31:07.287709 WARNING  [Image Server] RGBD stream         image_server.py:1906
                         head_rgbd_camera waiting for                           
                         frames from                                            
                         head_camera/__head_rgbd_camera_dep                     
                         th (1/60).                                             
09:31:08.254365 WARNING  [Image Server] RGBD stream         image_server.py:1906
                         head_rgbd_camera waiting for                           
                         frames from                                            
                         head_camera/__head_rgbd_camera_dep                     
                         th (30/60).                                            
09:31:09.254404 WARNING  [Image Server] RGBD stream         image_server.py:1906
                         head_rgbd_camera waiting for                           
                         frames from                                            
                         head_camera/__head_rgbd_camera_dep                     
                         th (60/60).                                            
09:31:09.288891 WARNING  [Image Server] RGBD stream         image_server.py:1906
                         head_rgbd_camera waiting for                           
                         frames from                                            
                         head_camera/__head_rgbd_camera_dep                     
                         th (1/60).                                             
09:31:10.254380 WARNING  [Image Server] RGBD stream         image_server.py:1906
                         head_rgbd_camera waiting for                           
                         frames from                                            
                         head_camera/__head_rgbd_camera_dep                     
                         th (30/60).                                            
09:31:11.254367 WARNING  [Image Server] RGBD stream         image_server.py:1906
                         head_rgbd_camera waiting for                           
                         frames from                                            
                         head_camera/__head_rgbd_camera_dep                     
                         th (60/60).                                            
09:31:11.287707 WARNING  [Image Server] RGBD stream         image_server.py:1906
                         head_rgbd_camera waiting for                           
                         frames from                                            
                         head_camera/__head_rgbd_camera_dep                     
                         th (1/60).                                             
09:31:12.254361 WARNING  [Image Server] RGBD stream         image_server.py:1906
                         head_rgbd_camera waiting for                           
                         frames from                                            
                         head_camera/__head_rgbd_camera_dep                     
                         th (30/60).                                            
09:31:13.254369 WARNING  [Image Server] RGBD stream         image_server.py:1906
                         head_rgbd_camera waiting for                           
                         frames from                                            
                         head_camera/__head_rgbd_camera_dep                     
                         th (60/60).                                            
09:31:13.287694 WARNING  [Image Server] RGBD stream         image_server.py:1906
                         head_rgbd_camera waiting for                           
                         frames from                                            
                         head_camera/__head_rgbd_camera_dep                     
                         th (1/60).                                             
09:31:14.254339 WARNING  [Image Server] RGBD stream         image_server.py:1906
                         head_rgbd_camera waiting for                           
                         frames from                                            
                         head_camera/__head_rgbd_camera_dep                     
                         th (30/60).                                            
09:31:15.254375 WARNING  [Image Server] RGBD stream         image_server.py:1906
                         head_rgbd_camera waiting for                           
                         frames from                                            
                         head_camera/__head_rgbd_camera_dep                     
                         th (60/60).                                            
09:31:15.288220 WARNING  [Image Server] RGBD stream         image_server.py:1906
                         head_rgbd_camera waiting for                           
                         frames from                                            
                         head_camera/__head_rgbd_camera_dep                     
                         th (1/60).                                             
09:31:16.254394 WARNING  [Image Server] RGBD stream         image_server.py:1906
                         head_rgbd_camera waiting for                           
                         frames from                                            
                         head_camera/__head_rgbd_camera_dep                     
                         th (30/60).                                            
09:31:17.255349 WARNING  [Image Server] RGBD stream         image_server.py:1906
                         head_rgbd_camera waiting for                           
                         frames from                                            
                         head_camera/__head_rgbd_camera_dep                     
                         th (60/60).                                            
09:31:17.288689 WARNING  [Image Server] RGBD stream         image_server.py:1906
                         head_rgbd_camera waiting for                           
                         frames from                                            
                         head_camera/__head_rgbd_camera_dep                     
                         th (1/60).                                             
09:31:18.254348 WARNING  [Image Server] RGBD stream         image_server.py:1906
                         head_rgbd_camera waiting for                           
                         frames from                                            
                         head_camera/__head_rgbd_camera_dep                     
                         th (30/60).                                            
09:31:19.254599 WARNING  [Image Server] RGBD stream         image_server.py:1906
                         head_rgbd_camera waiting for                           
                         frames from                                            
                         head_camera/__head_rgbd_camera_dep                     
                         th (60/60).                                            
09:31:19.287673 WARNING  [Image Server] RGBD stream         image_server.py:1906
                         head_rgbd_camera waiting for                           
                         frames from                                            
                         head_camera/__head_rgbd_camera_dep                     
                         th (1/60).                                             
09:31:20.254364 WARNING  [Image Server] RGBD stream         image_server.py:1906
                         head_rgbd_camera waiting for                           
                         frames from                                            
                         head_camera/__head_rgbd_camera_dep                     
                         th (30/60).                                            
09:31:21.254387 WARNING  [Image Server] RGBD stream         image_server.py:1906
                         head_rgbd_camera waiting for                           
                         frames from                                            
                         head_camera/__head_rgbd_camera_dep                     
                         th (60/60).                                            
09:31:21.287682 WARNING  [Image Server] RGBD stream         image_server.py:1906
                         head_rgbd_camera waiting for                           
                         frames from                                            
                         head_camera/__head_rgbd_camera_dep                     
                         th (1/60).                                             
09:31:22.254395 WARNING  [Image Server] RGBD stream         image_server.py:1906
                         head_rgbd_camera waiting for                           
                         frames from                                            
                         head_camera/__head_rgbd_camera_dep                     
                         th (30/60).                                            
09:31:23.254367 WARNING  [Image Server] RGBD stream         image_server.py:1906
                         head_rgbd_camera waiting for                           
                         frames from                                            
                         head_camera/__head_rgbd_camera_dep                     
                         th (60/60).                                            
09:31:23.287670 WARNING  [Image Server] RGBD stream         image_server.py:1906
                         head_rgbd_camera waiting for                           
                         frames from                                            
                         head_camera/__head_rgbd_camera_dep                     
                         th (1/60).                                             
09:31:24.256527 WARNING  [Image Server] RGBD stream         image_server.py:1906
                         head_rgbd_camera waiting for                           
                         frames from                                            
                         head_camera/__head_rgbd_camera_dep                     
                         th (30/60).                                            
09:31:25.255283 WARNING  [Image Server] RGBD stream         image_server.py:1906
                         head_rgbd_camera waiting for                           
                         frames from                                            
                         head_camera/__head_rgbd_camera_dep                     
                         th (60/60).                                            
09:31:25.287715 WARNING  [Image Server] RGBD stream         image_server.py:1906
                         head_rgbd_camera waiting for                           
                         frames from                                            
                         head_camera/__head_rgbd_camera_dep                     
                         th (1/60).                                             
09:31:26.254366 WARNING  [Image Server] RGBD stream         image_server.py:1906
                         head_rgbd_camera waiting for                           
                         frames from                                            
                         head_camera/__head_rgbd_camera_dep                     
                         th (30/60).                                            
09:31:27.254330 WARNING  [Image Server] RGBD stream         image_server.py:1906
                         head_rgbd_camera waiting for                           
                         frames from                                            
                         head_camera/__head_rgbd_camera_dep                     
                         th (60/60).                                            
09:31:27.287675 WARNING  [Image Server] RGBD stream         image_server.py:1906
                         head_rgbd_camera waiting for                           
                         frames from                                            
                         head_camera/__head_rgbd_camera_dep                     
                         th (1/60).                                             
09:31:28.254998 WARNING  [Image Server] RGBD stream         image_server.py:1906
                         head_rgbd_camera waiting for                           
                         frames from                                            
                         head_camera/__head_rgbd_camera_dep                     
                         th (30/60).                                            
09:31:29.255927 WARNING  [Image Server] RGBD stream         image_server.py:1906
                         head_rgbd_camera waiting for                           
                         frames from                                            
                         head_camera/__head_rgbd_camera_dep                     
                         th (60/60).                                            
09:31:29.289056 WARNING  [Image Server] RGBD stream         image_server.py:1906
                         head_rgbd_camera waiting for                           
                         frames from                                            
                         head_camera/__head_rgbd_camera_dep                     
                         th (1/60).                                             
09:31:30.255505 WARNING  [Image Server] RGBD stream         image_server.py:1906
                         head_rgbd_camera waiting for                           
                         frames from                                            
                         head_camera/__head_rgbd_camera_dep                     
                         th (30/60).                                            
09:31:31.254584 WARNING  [Image Server] RGBD stream         image_server.py:1906
                         head_rgbd_camera waiting for                           
                         frames from                                            
                         head_camera/__head_rgbd_camera_dep                     
                         th (60/60).                                            
09:31:31.287675 WARNING  [Image Server] RGBD stream         image_server.py:1906
                         head_rgbd_camera waiting for                           
                         frames from                                            
                         head_camera/__head_rgbd_camera_dep                     
                         th (1/60).                                             
09:31:32.255816 WARNING  [Image Server] RGBD stream         image_server.py:1906
                         head_rgbd_camera waiting for                           
                         frames from                                            
                         head_camera/__head_rgbd_camera_dep                     
                         th (30/60).                                            
09:31:33.254352 WARNING  [Image Server] RGBD stream         image_server.py:1906
                         head_rgbd_camera waiting for                           
                         frames from                                            
                         head_camera/__head_rgbd_camera_dep                     
                         th (60/60).                                            
09:31:33.287637 WARNING  [Image Server] RGBD stream         image_server.py:1906
                         head_rgbd_camera waiting for                           
                         frames from                                            
                         head_camera/__head_rgbd_camera_dep                     
                         th (1/60).                                             
09:31:34.254353 WARNING  [Image Server] RGBD stream         image_server.py:1906
                         head_rgbd_camera waiting for                           
                         frames from                                            
                         head_camera/__head_rgbd_camera_dep                     
                         th (30/60).                                            
09:31:35.259099 WARNING  [Image Server] RGBD stream         image_server.py:1906
                         head_rgbd_camera waiting for                           
                         frames from                                            
                         head_camera/__head_rgbd_camera_dep                     
                         th (60/60).                                            
09:31:35.287764 WARNING  [Image Server] RGBD stream         image_server.py:1906
                         head_rgbd_camera waiting for                           
                         frames from                                            
                         head_camera/__head_rgbd_camera_dep                     
                         th (1/60).                                             
09:31:36.254335 WARNING  [Image Server] RGBD stream         image_server.py:1906
                         head_rgbd_camera waiting for                           
                         frames from                                            
                         head_camera/__head_rgbd_camera_dep                     
                         th (30/60).                                            
09:31:37.255115 WARNING  [Image Server] RGBD stream         image_server.py:1906
                         head_rgbd_camera waiting for                           
                         frames from                                            
                         head_camera/__head_rgbd_camera_dep                     
                         th (60/60).                                            
09:31:37.287686 WARNING  [Image Server] RGBD stream         image_server.py:1906
                         head_rgbd_camera waiting for                           
                         frames from                                            
                         head_camera/__head_rgbd_camera_dep                     
                         th (1/60).                                             
09:31:38.254349 WARNING  [Image Server] RGBD stream         image_server.py:1906
                         head_rgbd_camera waiting for                           
                         frames from                                            
                         head_camera/__head_rgbd_camera_dep                     
                         th (30/60).                                            
09:31:39.254319 WARNING  [Image Server] RGBD stream         image_server.py:1906
                         head_rgbd_camera waiting for                           
                         frames from                                            
                         head_camera/__head_rgbd_camera_dep                     
                         th (60/60).                                            
09:31:39.289790 WARNING  [Image Server] RGBD stream         image_server.py:1906
                         head_rgbd_camera waiting for                           
                         frames from                                            
                         head_camera/__head_rgbd_camera_dep                     
                         th (1/60).                                             
09:31:40.254342 WARNING  [Image Server] RGBD stream         image_server.py:1906
                         head_rgbd_camera waiting for                           
                         frames from                                            
                         head_camera/__head_rgbd_camera_dep                     
                         th (30/60).                                            
09:31:41.254387 WARNING  [Image Server] RGBD stream         image_server.py:1906
                         head_rgbd_camera waiting for                           
                         frames from                                            
                         head_camera/__head_rgbd_camera_dep                     
                         th (60/60).                                            
09:31:41.287667 WARNING  [Image Server] RGBD stream         image_server.py:1906
                         head_rgbd_camera waiting for                           
                         frames from                                            
                         head_camera/__head_rgbd_camera_dep                     
                         th (1/60).                                             
09:31:42.254335 WARNING  [Image Server] RGBD stream         image_server.py:1906
                         head_rgbd_camera waiting for                           
                         frames from                                            
                         head_camera/__head_rgbd_camera_dep                     
                         th (30/60).                                            
09:31:43.254356 WARNING  [Image Server] RGBD stream         image_server.py:1906
                         head_rgbd_camera waiting for                           
                         frames from                                            
                         head_camera/__head_rgbd_camera_dep                     
                         th (60/60).                                            
09:31:43.287671 WARNING  [Image Server] RGBD stream         image_server.py:1906
                         head_rgbd_camera waiting for                           
                         frames from                                            
                         head_camera/__head_rgbd_camera_dep                     
                         th (1/60).                                             
09:31:44.255471 WARNING  [Image Server] RGBD stream         image_server.py:1906
                         head_rgbd_camera waiting for                           
                         frames from                                            
                         head_camera/__head_rgbd_camera_dep                     
                         th (30/60).                                            
09:31:45.256400 WARNING  [Image Server] RGBD stream         image_server.py:1906
                         head_rgbd_camera waiting for                           
                         frames from                                            
                         head_camera/__head_rgbd_camera_dep                     
                         th (60/60).                                            
09:31:45.287779 WARNING  [Image Server] RGBD stream         image_server.py:1906
                         head_rgbd_camera waiting for                           
                         frames from                                            
                         head_camera/__head_rgbd_camera_dep                     
                         th (1/60).                                             
09:31:46.254325 WARNING  [Image Server] RGBD stream         image_server.py:1906
                         head_rgbd_camera waiting for                           
                         frames from                                            
                         head_camera/__head_rgbd_camera_dep                     
                         th (30/60).                                            
09:31:47.254353 WARNING  [Image Server] RGBD stream         image_server.py:1906
                         head_rgbd_camera waiting for                           
                         frames from                                            
                         head_camera/__head_rgbd_camera_dep                     
                         th (60/60).                                            
09:31:47.287680 WARNING  [Image Server] RGBD stream         image_server.py:1906
                         head_rgbd_camera waiting for                           
                         frames from                                            
                         head_camera/__head_rgbd_camera_dep                     
                         th (1/60).                                             
09:31:48.254339 WARNING  [Image Server] RGBD stream         image_server.py:1906
                         head_rgbd_camera waiting for                           
                         frames from                                            
                         head_camera/__head_rgbd_camera_dep                     
                         th (30/60).                                            
09:31:49.254367 WARNING  [Image Server] RGBD stream         image_server.py:1906
                         head_rgbd_camera waiting for                           
                         frames from                                            
                         head_camera/__head_rgbd_camera_dep                     
                         th (60/60).                                            
09:31:49.287689 WARNING  [Image Server] RGBD stream         image_server.py:1906
                         head_rgbd_camera waiting for                           
                         frames from                                            
                         head_camera/__head_rgbd_camera_dep                     
                         th (1/60).                                             
09:31:50.254358 WARNING  [Image Server] RGBD stream         image_server.py:1906
                         head_rgbd_camera waiting for                           
                         frames from                                            
                         head_camera/__head_rgbd_camera_dep                     
                         th (30/60).                                            
09:31:51.254335 WARNING  [Image Server] RGBD stream         image_server.py:1906
                         head_rgbd_camera waiting for                           
                         frames from                                            
                         head_camera/__head_rgbd_camera_dep                     
                         th (60/60).                                            
09:31:51.287659 WARNING  [Image Server] RGBD stream         image_server.py:1906
                         head_rgbd_camera waiting for                           
                         frames from                                            
                         head_camera/__head_rgbd_camera_dep                     
                         th (1/60).                                             
09:31:52.254392 WARNING  [Image Server] RGBD stream         image_server.py:1906
                         head_rgbd_camera waiting for                           
                         frames from                                            
                         head_camera/__head_rgbd_camera_dep                     
                         th (30/60).                                            
09:31:53.254415 WARNING  [Image Server] RGBD stream         image_server.py:1906
                         head_rgbd_camera waiting for                           
                         frames from                                            
                         head_camera/__head_rgbd_camera_dep                     
                         th (60/60).                                            
09:31:53.287647 WARNING  [Image Server] RGBD stream         image_server.py:1906
                         head_rgbd_camera waiting for                           
                         frames from                                            
                         head_camera/__head_rgbd_camera_dep                     
                         th (1/60).                                             
09:31:54.254324 WARNING  [Image Server] RGBD stream         image_server.py:1906
                         head_rgbd_camera waiting for                           
                         frames from                                            
                         head_camera/__head_rgbd_camera_dep                     
                         th (30/60).                                            
09:31:55.254323 WARNING  [Image Server] RGBD stream         image_server.py:1906
                         head_rgbd_camera waiting for                           
                         frames from                                            
                         head_camera/__head_rgbd_camera_dep                     
                         th (60/60).                                            
09:31:55.287639 WARNING  [Image Server] RGBD stream         image_server.py:1906
                         head_rgbd_camera waiting for                           
                         frames from                                            
                         head_camera/__head_rgbd_camera_dep                     
                         th (1/60).                                             
09:31:56.255226 WARNING  [Image Server] RGBD stream         image_server.py:1906
                         head_rgbd_camera waiting for                           
                         frames from                                            
                         head_camera/__head_rgbd_camera_dep                     
                         th (30/60).                                            
09:31:57.254351 WARNING  [Image Server] RGBD stream         image_server.py:1906
                         head_rgbd_camera waiting for                           
                         frames from                                            
                         head_camera/__head_rgbd_camera_dep                     
                         th (60/60).                                            
09:31:57.287672 WARNING  [Image Server] RGBD stream         image_server.py:1906
                         head_rgbd_camera waiting for                           
                         frames from                                            
                         head_camera/__head_rgbd_camera_dep                     
                         th (1/60).                                             
09:31:58.254348 WARNING  [Image Server] RGBD stream         image_server.py:1906
                         head_rgbd_camera waiting for                           
                         frames from                                            
                         head_camera/__head_rgbd_camera_dep                     
                         th (30/60).                                            
09:31:59.254588 WARNING  [Image Server] RGBD stream         image_server.py:1906
                         head_rgbd_camera waiting for                           
                         frames from                                            
                         head_camera/__head_rgbd_camera_dep                     
                         th (60/60).                                            
09:31:59.287700 WARNING  [Image Server] RGBD stream         image_server.py:1906
                         head_rgbd_camera waiting for                           
                         frames from                                            
                         head_camera/__head_rgbd_camera_dep                     
                         th (1/60).                                             
09:32:00.254340 WARNING  [Image Server] RGBD stream         image_server.py:1906
                         head_rgbd_camera waiting for                           
                         frames from                                            
                         head_camera/__head_rgbd_camera_dep                     
                         th (30/60).                                            
09:32:01.254348 WARNING  [Image Server] RGBD stream         image_server.py:1906
                         head_rgbd_camera waiting for                           
                         frames from                                            
                         head_camera/__head_rgbd_camera_dep                     
                         th (60/60).                                            
09:32:01.287673 WARNING  [Image Server] RGBD stream         image_server.py:1906
                         head_rgbd_camera waiting for                           
                         frames from                                            
                         head_camera/__head_rgbd_camera_dep                     
                         th (1/60).                                             
09:32:02.254357 WARNING  [Image Server] RGBD stream         image_server.py:1906
                         head_rgbd_camera waiting for                           
                         frames from                                            
                         head_camera/__head_rgbd_camera_dep                     
                         th (30/60).                                            
09:32:03.254323 WARNING  [Image Server] RGBD stream         image_server.py:1906
                         head_rgbd_camera waiting for                           
                         frames from                                            
                         head_camera/__head_rgbd_camera_dep                     
                         th (60/60).                                            
09:32:03.287638 WARNING  [Image Server] RGBD stream         image_server.py:1906
                         head_rgbd_camera waiting for                           
                         frames from                                            
                         head_camera/__head_rgbd_camera_dep                     
                         th (1/60).                                             
09:32:04.254287 WARNING  [Image Server] RGBD stream         image_server.py:1906
                         head_rgbd_camera waiting for                           
                         frames from                                            
                         head_camera/__head_rgbd_camera_dep                     
                         th (30/60).                                            
09:32:05.254326 WARNING  [Image Server] RGBD stream         image_server.py:1906
                         head_rgbd_camera waiting for                           
                         frames from                                            
                         head_camera/__head_rgbd_camera_dep                     
                         th (60/60).                                            
09:32:05.287674 WARNING  [Image Server] RGBD stream         image_server.py:1906
                         head_rgbd_camera waiting for                           
                         frames from                                            
                         head_camera/__head_rgbd_camera_dep                     
                         th (1/60).                                             
09:32:06.254325 WARNING  [Image Server] RGBD stream         image_server.py:1906
                         head_rgbd_camera waiting for                           
                         frames from                                            
                         head_camera/__head_rgbd_camera_dep                     
                         th (30/60).                                            
09:32:07.254332 WARNING  [Image Server] RGBD stream         image_server.py:1906
                         head_rgbd_camera waiting for                           
                         frames from                                            
                         head_camera/__head_rgbd_camera_dep                     
                         th (60/60).                                            
09:32:07.288824 WARNING  [Image Server] RGBD stream         image_server.py:1906
                         head_rgbd_camera waiting for                           
                         frames from                                            
                         head_camera/__head_rgbd_camera_dep                     
                         th (1/60).                                             
09:32:08.254307 WARNING  [Image Server] RGBD stream         image_server.py:1906
                         head_rgbd_camera waiting for                           
                         frames from                                            
                         head_camera/__head_rgbd_camera_dep                     
                         th (30/60).                                            
09:32:09.254396 WARNING  [Image Server] RGBD stream         image_server.py:1906
                         head_rgbd_camera waiting for                           
                         frames from                                            
                         head_camera/__head_rgbd_camera_dep                     
                         th (60/60).                                            
09:32:09.288100 WARNING  [Image Server] RGBD stream         image_server.py:1906
                         head_rgbd_camera waiting for                           
                         frames from                                            
                         head_camera/__head_rgbd_camera_dep                     
                         th (1/60).                                             
09:32:10.254359 WARNING  [Image Server] RGBD stream         image_server.py:1906
                         head_rgbd_camera waiting for                           
                         frames from                                            
                         head_camera/__head_rgbd_camera_dep                     
                         th (30/60).                                            
09:32:11.254325 WARNING  [Image Server] RGBD stream         image_server.py:1906
                         head_rgbd_camera waiting for                           
                         frames from                                            
                         head_camera/__head_rgbd_camera_dep                     
                         th (60/60).                                            
09:32:11.287647 WARNING  [Image Server] RGBD stream         image_server.py:1906
                         head_rgbd_camera waiting for                           
                         frames from                                            
                         head_camera/__head_rgbd_camera_dep                     
                         th (1/60).                                             
09:32:12.254463 WARNING  [Image Server] RGBD stream         image_server.py:1906
                         head_rgbd_camera waiting for                           
                         frames from                                            
                         head_camera/__head_rgbd_camera_dep                     
                         th (30/60).                                            
09:32:13.254370 WARNING  [Image Server] RGBD stream         image_server.py:1906
                         head_rgbd_camera waiting for                           
                         frames from                                            
                         head_camera/__head_rgbd_camera_dep                     
                         th (60/60).                                            
09:32:13.287707 WARNING  [Image Server] RGBD stream         image_server.py:1906
                         head_rgbd_camera waiting for                           
                         frames from                                            
                         head_camera/__head_rgbd_camera_dep                     
                         th (1/60).                                             
09:32:14.254312 WARNING  [Image Server] RGBD stream         image_server.py:1906
                         head_rgbd_camera waiting for                           
                         frames from                                            
                         head_camera/__head_rgbd_camera_dep                     
                         th (30/60).                                            
09:32:15.254673 WARNING  [Image Server] RGBD stream         image_server.py:1906
                         head_rgbd_camera waiting for                           
                         frames from                                            
                         head_camera/__head_rgbd_camera_dep                     
                         th (60/60).                                            
09:32:15.287683 WARNING  [Image Server] RGBD stream         image_server.py:1906
                         head_rgbd_camera waiting for                           
                         frames from                                            
                         head_camera/__head_rgbd_camera_dep                     
                         th (1/60).                                             
09:32:16.254317 WARNING  [Image Server] RGBD stream         image_server.py:1906
                         head_rgbd_camera waiting for                           
                         frames from                                            
                         head_camera/__head_rgbd_camera_dep                     
                         th (30/60).                                            
09:32:17.254627 WARNING  [Image Server] RGBD stream         image_server.py:1906
                         head_rgbd_camera waiting for                           
                         frames from                                            
                         head_camera/__head_rgbd_camera_dep                     
                         th (60/60).                                            
09:32:17.288454 WARNING  [Image Server] RGBD stream         image_server.py:1906
                         head_rgbd_camera waiting for                           
                         frames from                                            
                         head_camera/__head_rgbd_camera_dep                     
                         th (1/60).                                             
09:32:18.254354 WARNING  [Image Server] RGBD stream         image_server.py:1906
                         head_rgbd_camera waiting for                           
                         frames from                                            
                         head_camera/__head_rgbd_camera_dep                     
                         th (30/60).                                            
09:32:19.254309 WARNING  [Image Server] RGBD stream         image_server.py:1906
                         head_rgbd_camera waiting for                           
                         frames from                                            
                         head_camera/__head_rgbd_camera_dep                     
                         th (60/60).                                            
09:32:19.287658 WARNING  [Image Server] RGBD stream         image_server.py:1906
                         head_rgbd_camera waiting for                           
                         frames from                                            
                         head_camera/__head_rgbd_camera_dep                     
                         th (1/60).                                             
09:32:20.254352 WARNING  [Image Server] RGBD stream         image_server.py:1906
                         head_rgbd_camera waiting for                           
                         frames from                                            
                         head_camera/__head_rgbd_camera_dep                     
                         th (30/60).                                            
09:32:21.254328 WARNING  [Image Server] RGBD stream         image_server.py:1906
                         head_rgbd_camera waiting for                           
                         frames from                                            
                         head_camera/__head_rgbd_camera_dep                     
                         th (60/60).                                            
09:32:21.288580 WARNING  [Image Server] RGBD stream         image_server.py:1906
                         head_rgbd_camera waiting for                           
                         frames from                                            
                         head_camera/__head_rgbd_camera_dep                     
                         th (1/60).                                             
09:32:22.255111 WARNING  [Image Server] RGBD stream         image_server.py:1906
                         head_rgbd_camera waiting for                           
                         frames from                                            
                         head_camera/__head_rgbd_camera_dep                     
                         th (30/60).                                            
09:32:23.254339 WARNING  [Image Server] RGBD stream         image_server.py:1906
                         head_rgbd_camera waiting for                           
                         frames from                                            
                         head_camera/__head_rgbd_camera_dep                     
                         th (60/60).                                            
09:32:23.288375 WARNING  [Image Server] RGBD stream         image_server.py:1906
                         head_rgbd_camera waiting for                           
                         frames from                                            
                         head_camera/__head_rgbd_camera_dep                     
                         th (1/60).                                             
09:32:24.254357 WARNING  [Image Server] RGBD stream         image_server.py:1906
                         head_rgbd_camera waiting for                           
                         frames from                                            
                         head_camera/__head_rgbd_camera_dep                     
                         th (30/60).                                            
09:32:25.254335 WARNING  [Image Server] RGBD stream         image_server.py:1906
                         head_rgbd_camera waiting for                           
                         frames from                                            
                         head_camera/__head_rgbd_camera_dep                     
                         th (60/60).                                            
09:32:25.288115 WARNING  [Image Server] RGBD stream         image_server.py:1906
                         head_rgbd_camera waiting for                           
                         frames from                                            
                         head_camera/__head_rgbd_camera_dep                     
                         th (1/60).                                             
09:32:26.254343 WARNING  [Image Server] RGBD stream         image_server.py:1906
                         head_rgbd_camera waiting for                           
                         frames from                                            
                         head_camera/__head_rgbd_camera_dep                     
                         th (30/60).                                            
09:32:27.254471 WARNING  [Image Server] RGBD stream         image_server.py:1906
                         head_rgbd_camera waiting for                           
                         frames from                                            
                         head_camera/__head_rgbd_camera_dep                     
                         th (60/60).                                            
09:32:27.287673 WARNING  [Image Server] RGBD stream         image_server.py:1906
                         head_rgbd_camera waiting for                           
                         frames from                                            
                         head_camera/__head_rgbd_camera_dep                     
                         th (1/60).                                             
09:32:28.254351 WARNING  [Image Server] RGBD stream         image_server.py:1906
                         head_rgbd_camera waiting for                           
                         frames from                                            
                         head_camera/__head_rgbd_camera_dep                     
                         th (30/60).                                            
09:32:29.255442 WARNING  [Image Server] RGBD stream         image_server.py:1906
                         head_rgbd_camera waiting for                           
                         frames from                                            
                         head_camera/__head_rgbd_camera_dep                     
                         th (60/60).                                            
09:32:29.287661 WARNING  [Image Server] RGBD stream         image_server.py:1906
                         head_rgbd_camera waiting for                           
                         frames from                                            
                         head_camera/__head_rgbd_camera_dep                     
                         th (1/60).                                             
09:32:30.254351 WARNING  [Image Server] RGBD stream         image_server.py:1906
                         head_rgbd_camera waiting for                           
                         frames from                                            
                         head_camera/__head_rgbd_camera_dep                     
                         th (30/60).                                            
09:32:31.254315 WARNING  [Image Server] RGBD stream         image_server.py:1906
                         head_rgbd_camera waiting for                           
                         frames from                                            
                         head_camera/__head_rgbd_camera_dep                     
                         th (60/60).                                            
09:32:31.287639 WARNING  [Image Server] RGBD stream         image_server.py:1906
                         head_rgbd_camera waiting for                           
                         frames from                                            
                         head_camera/__head_rgbd_camera_dep                     
                         th (1/60).                                             
09:32:32.254367 WARNING  [Image Server] RGBD stream         image_server.py:1906
                         head_rgbd_camera waiting for                           
                         frames from                                            
                         head_camera/__head_rgbd_camera_dep                     
                         th (30/60).                                            
09:32:33.256973 WARNING  [Image Server] RGBD stream         image_server.py:1906
                         head_rgbd_camera waiting for                           
                         frames from                                            
                         head_camera/__head_rgbd_camera_dep                     
                         th (60/60).                                            
09:32:33.287674 WARNING  [Image Server] RGBD stream         image_server.py:1906
                         head_rgbd_camera waiting for                           
                         frames from                                            
                         head_camera/__head_rgbd_camera_dep                     
                         th (1/60).                                             
09:32:34.254368 WARNING  [Image Server] RGBD stream         image_server.py:1906
                         head_rgbd_camera waiting for                           
                         frames from                                            
                         head_camera/__head_rgbd_camera_dep                     
                         th (30/60).                                            
09:32:35.254332 WARNING  [Image Server] RGBD stream         image_server.py:1906
                         head_rgbd_camera waiting for                           
                         frames from                                            
                         head_camera/__head_rgbd_camera_dep                     
                         th (60/60).                                            
09:32:35.287659 WARNING  [Image Server] RGBD stream         image_server.py:1906
                         head_rgbd_camera waiting for                           
                         frames from                                            
                         head_camera/__head_rgbd_camera_dep                     
                         th (1/60).                                             
09:32:36.254363 WARNING  [Image Server] RGBD stream         image_server.py:1906
                         head_rgbd_camera waiting for                           
                         frames from                                            
                         head_camera/__head_rgbd_camera_dep                     
                         th (30/60).                                            
09:32:37.254308 WARNING  [Image Server] RGBD stream         image_server.py:1906
                         head_rgbd_camera waiting for                           
                         frames from                                            
                         head_camera/__head_rgbd_camera_dep                     
                         th (60/60).                                            
09:32:37.288989 WARNING  [Image Server] RGBD stream         image_server.py:1906
                         head_rgbd_camera waiting for                           
                         frames from                                            
                         head_camera/__head_rgbd_camera_dep                     
                         th (1/60).                                             
09:32:38.254349 WARNING  [Image Server] RGBD stream         image_server.py:1906
                         head_rgbd_camera waiting for                           
                         frames from                                            
                         head_camera/__head_rgbd_camera_dep                     
                         th (30/60).                                            
09:32:39.255892 WARNING  [Image Server] RGBD stream         image_server.py:1906
                         head_rgbd_camera waiting for                           
                         frames from                                            
                         head_camera/__head_rgbd_camera_dep                     
                         th (60/60).                                            
09:32:39.289547 WARNING  [Image Server] RGBD stream         image_server.py:1906
                         head_rgbd_camera waiting for                           
                         frames from                                            
                         head_camera/__head_rgbd_camera_dep                     
                         th (1/60).                                             
09:32:40.255276 WARNING  [Image Server] RGBD stream         image_server.py:1906
                         head_rgbd_camera waiting for                           
                         frames from                                            
                         head_camera/__head_rgbd_camera_dep                     
                         th (30/60).                                            
09:32:41.254327 WARNING  [Image Server] RGBD stream         image_server.py:1906
                         head_rgbd_camera waiting for                           
                         frames from                                            
                         head_camera/__head_rgbd_camera_dep                     
                         th (60/60).                                            
09:32:41.287639 WARNING  [Image Server] RGBD stream         image_server.py:1906
                         head_rgbd_camera waiting for                           
                         frames from                                            
                         head_camera/__head_rgbd_camera_dep                     
                         th (1/60).                                             
09:32:42.254359 WARNING  [Image Server] RGBD stream         image_server.py:1906
                         head_rgbd_camera waiting for                           
                         frames from                                            
                         head_camera/__head_rgbd_camera_dep                     
                         th (30/60).                                            
09:32:43.254341 WARNING  [Image Server] RGBD stream         image_server.py:1906
                         head_rgbd_camera waiting for                           
                         frames from                                            
                         head_camera/__head_rgbd_camera_dep                     
                         th (60/60).                                            
09:32:43.287644 WARNING  [Image Server] RGBD stream         image_server.py:1906
                         head_rgbd_camera waiting for                           
                         frames from                                            
                         head_camera/__head_rgbd_camera_dep                     
                         th (1/60).                                             
09:32:44.254380 WARNING  [Image Server] RGBD stream         image_server.py:1906
                         head_rgbd_camera waiting for                           
                         frames from                                            
                         head_camera/__head_rgbd_camera_dep                     
                         th (30/60).                                            
09:32:45.254338 WARNING  [Image Server] RGBD stream         image_server.py:1906
                         head_rgbd_camera waiting for                           
                         frames from                                            
                         head_camera/__head_rgbd_camera_dep                     
                         th (60/60).                                            
09:32:45.287714 WARNING  [Image Server] RGBD stream         image_server.py:1906
                         head_rgbd_camera waiting for                           
                         frames from                                            
                         head_camera/__head_rgbd_camera_dep                     
                         th (1/60).                                             
09:32:46.254353 WARNING  [Image Server] RGBD stream         image_server.py:1906
                         head_rgbd_camera waiting for                           
                         frames from                                            
                         head_camera/__head_rgbd_camera_dep                     
                         th (30/60).                                            
09:32:47.254355 WARNING  [Image Server] RGBD stream         image_server.py:1906
                         head_rgbd_camera waiting for                           
                         frames from                                            
                         head_camera/__head_rgbd_camera_dep                     
                         th (60/60).                                            
09:32:47.287641 WARNING  [Image Server] RGBD stream         image_server.py:1906
                         head_rgbd_camera waiting for                           
                         frames from                                            
                         head_camera/__head_rgbd_camera_dep                     
                         th (1/60).                                             
09:32:48.254367 WARNING  [Image Server] RGBD stream         image_server.py:1906
                         head_rgbd_camera waiting for                           
                         frames from                                            
                         head_camera/__head_rgbd_camera_dep                     
                         th (30/60).                                            
09:32:49.254335 WARNING  [Image Server] RGBD stream         image_server.py:1906
                         head_rgbd_camera waiting for                           
                         frames from                                            
                         head_camera/__head_rgbd_camera_dep                     
                         th (60/60).                                            
09:32:49.287672 WARNING  [Image Server] RGBD stream         image_server.py:1906
                         head_rgbd_camera waiting for                           
                         frames from                                            
                         head_camera/__head_rgbd_camera_dep                     
                         th (1/60).                                             
09:32:50.255470 WARNING  [Image Server] RGBD stream         image_server.py:1906
                         head_rgbd_camera waiting for                           
                         frames from                                            
                         head_camera/__head_rgbd_camera_dep                     
                         th (30/60).                                            
09:32:51.254360 WARNING  [Image Server] RGBD stream         image_server.py:1906
                         head_rgbd_camera waiting for                           
                         frames from                                            
                         head_camera/__head_rgbd_camera_dep                     
                         th (60/60).                                            
09:32:51.287651 WARNING  [Image Server] RGBD stream         image_server.py:1906
                         head_rgbd_camera waiting for                           
                         frames from                                            
                         head_camera/__head_rgbd_camera_dep                     
                         th (1/60).                                             
09:32:52.254365 WARNING  [Image Server] RGBD stream         image_server.py:1906
                         head_rgbd_camera waiting for                           
                         frames from                                            
                         head_camera/__head_rgbd_camera_dep                     
                         th (30/60).                                            
09:32:53.254359 WARNING  [Image Server] RGBD stream         image_server.py:1906
                         head_rgbd_camera waiting for                           
                         frames from                                            
                         head_camera/__head_rgbd_camera_dep                     
                         th (60/60).                                            
09:32:53.287658 WARNING  [Image Server] RGBD stream         image_server.py:1906
                         head_rgbd_camera waiting for                           
                         frames from                                            
                         head_camera/__head_rgbd_camera_dep                     
                         th (1/60).                                             
09:32:54.255373 WARNING  [Image Server] RGBD stream         image_server.py:1906
                         head_rgbd_camera waiting for                           
                         frames from                                            
                         head_camera/__head_rgbd_camera_dep                     
                         th (30/60).                                            
09:32:55.254352 WARNING  [Image Server] RGBD stream         image_server.py:1906
                         head_rgbd_camera waiting for                           
                         frames from                                            
                         head_camera/__head_rgbd_camera_dep                     
                         th (60/60).                                            
09:32:55.287643 WARNING  [Image Server] RGBD stream         image_server.py:1906
                         head_rgbd_camera waiting for                           
                         frames from                                            
                         head_camera/__head_rgbd_camera_dep                     
                         th (1/60).                                             
09:32:56.255473 WARNING  [Image Server] RGBD stream         image_server.py:1906
                         head_rgbd_camera waiting for                           
                         frames from                                            
                         head_camera/__head_rgbd_camera_dep                     
                         th (30/60).                                            
09:32:57.254306 WARNING  [Image Server] RGBD stream         image_server.py:1906
                         head_rgbd_camera waiting for                           
                         frames from                                            
                         head_camera/__head_rgbd_camera_dep                     
                         th (60/60).                                            
09:32:57.287650 WARNING  [Image Server] RGBD stream         image_server.py:1906
                         head_rgbd_camera waiting for                           
                         frames from                                            
                         head_camera/__head_rgbd_camera_dep                     
                         th (1/60).                                             
09:32:58.254367 WARNING  [Image Server] RGBD stream         image_server.py:1906
                         head_rgbd_camera waiting for                           
                         frames from                                            
                         head_camera/__head_rgbd_camera_dep                     
                         th (30/60).                                            
09:32:59.255239 WARNING  [Image Server] RGBD stream         image_server.py:1906
                         head_rgbd_camera waiting for                           
                         frames from                                            
                         head_camera/__head_rgbd_camera_dep                     
                         th (60/60).                                            
09:32:59.288532 WARNING  [Image Server] RGBD stream         image_server.py:1906
                         head_rgbd_camera waiting for                           
                         frames from                                            
                         head_camera/__head_rgbd_camera_dep                     
                         th (1/60).                                             
09:33:00.254374 WARNING  [Image Server] RGBD stream         image_server.py:1906
                         head_rgbd_camera waiting for                           
                         frames from                                            
                         head_camera/__head_rgbd_camera_dep                     
                         th (30/60).                                            
09:33:01.254322 WARNING  [Image Server] RGBD stream         image_server.py:1906
                         head_rgbd_camera waiting for                           
                         frames from                                            
                         head_camera/__head_rgbd_camera_dep                     
                         th (60/60).                                            
09:33:01.287677 WARNING  [Image Server] RGBD stream         image_server.py:1906
                         head_rgbd_camera waiting for                           
                         frames from                                            
                         head_camera/__head_rgbd_camera_dep                     
                         th (1/60).                                             
09:33:02.254314 WARNING  [Image Server] RGBD stream         image_server.py:1906
                         head_rgbd_camera waiting for                           
                         frames from                                            
                         head_camera/__head_rgbd_camera_dep                     
                         th (30/60).                                            
09:33:03.257016 WARNING  [Image Server] RGBD stream         image_server.py:1906
                         head_rgbd_camera waiting for                           
                         frames from                                            
                         head_camera/__head_rgbd_camera_dep                     
                         th (60/60).                                            
09:33:03.287676 WARNING  [Image Server] RGBD stream         image_server.py:1906
                         head_rgbd_camera waiting for                           
                         frames from                                            
                         head_camera/__head_rgbd_camera_dep                     
                         th (1/60).                                             
09:33:04.254355 WARNING  [Image Server] RGBD stream         image_server.py:1906
                         head_rgbd_camera waiting for                           
                         frames from                                            
                         head_camera/__head_rgbd_camera_dep                     
                         th (30/60).                                            
09:33:05.254323 WARNING  [Image Server] RGBD stream         image_server.py:1906
                         head_rgbd_camera waiting for                           
                         frames from                                            
                         head_camera/__head_rgbd_camera_dep                     
                         th (60/60).                                            
09:33:05.287659 WARNING  [Image Server] RGBD stream         image_server.py:1906
                         head_rgbd_camera waiting for                           
                         frames from                                            
                         head_camera/__head_rgbd_camera_dep                     
                         th (1/60).                                             
09:33:06.255050 WARNING  [Image Server] RGBD stream         image_server.py:1906
                         head_rgbd_camera waiting for                           
                         frames from                                            
                         head_camera/__head_rgbd_camera_dep                     
                         th (30/60).                                            
09:33:07.254319 WARNING  [Image Server] RGBD stream         image_server.py:1906
                         head_rgbd_camera waiting for                           
                         frames from                                            
                         head_camera/__head_rgbd_camera_dep                     
                         th (60/60).                                            
09:33:07.287680 WARNING  [Image Server] RGBD stream         image_server.py:1906
                         head_rgbd_camera waiting for                           
                         frames from                                            
                         head_camera/__head_rgbd_camera_dep                     
                         th (1/60).                                             
09:33:08.255799 WARNING  [Image Server] RGBD stream         image_server.py:1906
                         head_rgbd_camera waiting for                           
                         frames from                                            
                         head_camera/__head_rgbd_camera_dep                     
                         th (30/60).                                            
09:33:09.254338 WARNING  [Image Server] RGBD stream         image_server.py:1906
                         head_rgbd_camera waiting for                           
                         frames from                                            
                         head_camera/__head_rgbd_camera_dep                     
                         th (60/60).                                            
09:33:09.287657 WARNING  [Image Server] RGBD stream         image_server.py:1906
                         head_rgbd_camera waiting for                           
                         frames from                                            
                         head_camera/__head_rgbd_camera_dep                     
                         th (1/60).                                             
09:33:10.254351 WARNING  [Image Server] RGBD stream         image_server.py:1906
                         head_rgbd_camera waiting for                           
                         frames from                                            
                         head_camera/__head_rgbd_camera_dep                     
                         th (30/60).                                            
09:33:11.254350 WARNING  [Image Server] RGBD stream         image_server.py:1906
                         head_rgbd_camera waiting for                           
                         frames from                                            
                         head_camera/__head_rgbd_camera_dep                     
                         th (60/60).                                            
09:33:11.287717 WARNING  [Image Server] RGBD stream         image_server.py:1906
                         head_rgbd_camera waiting for                           
                         frames from                                            
                         head_camera/__head_rgbd_camera_dep                     
                         th (1/60).                                             
09:33:12.254303 WARNING  [Image Server] RGBD stream         image_server.py:1906
                         head_rgbd_camera waiting for                           
                         frames from                                            
                         head_camera/__head_rgbd_camera_dep                     
                         th (30/60).                                            
09:33:13.254372 WARNING  [Image Server] RGBD stream         image_server.py:1906
                         head_rgbd_camera waiting for                           
                         frames from                                            
                         head_camera/__head_rgbd_camera_dep                     
                         th (60/60).                                            
09:33:13.287762 WARNING  [Image Server] RGBD stream         image_server.py:1906
                         head_rgbd_camera waiting for                           
                         frames from                                            
                         head_camera/__head_rgbd_camera_dep                     
                         th (1/60).                                             
09:33:14.254400 WARNING  [Image Server] RGBD stream         image_server.py:1906
                         head_rgbd_camera waiting for                           
                         frames from                                            
                         head_camera/__head_rgbd_camera_dep                     
                         th (30/60).                                            
09:33:15.255479 WARNING  [Image Server] RGBD stream         image_server.py:1906
                         head_rgbd_camera waiting for                           
                         frames from                                            
                         head_camera/__head_rgbd_camera_dep                     
                         th (60/60).                                            
09:33:15.288929 WARNING  [Image Server] RGBD stream         image_server.py:1906
                         head_rgbd_camera waiting for                           
                         frames from                                            
                         head_camera/__head_rgbd_camera_dep                     
                         th (1/60).                                             
09:33:16.254348 WARNING  [Image Server] RGBD stream         image_server.py:1906
                         head_rgbd_camera waiting for                           
                         frames from                                            
                         head_camera/__head_rgbd_camera_dep                     
                         th (30/60).                                            
09:33:17.254743 WARNING  [Image Server] RGBD stream         image_server.py:1906
                         head_rgbd_camera waiting for                           
                         frames from                                            
                         head_camera/__head_rgbd_camera_dep                     
                         th (60/60).                                            
09:33:17.287660 WARNING  [Image Server] RGBD stream         image_server.py:1906
                         head_rgbd_camera waiting for                           
                         frames from                                            
                         head_camera/__head_rgbd_camera_dep                     
                         th (1/60).                                             
09:33:18.254365 WARNING  [Image Server] RGBD stream         image_server.py:1906
                         head_rgbd_camera waiting for                           
                         frames from                                            
                         head_camera/__head_rgbd_camera_dep                     
                         th (30/60).                                            
09:33:19.254496 WARNING  [Image Server] RGBD stream         image_server.py:1906
                         head_rgbd_camera waiting for                           
                         frames from                                            
                         head_camera/__head_rgbd_camera_dep                     
                         th (60/60).                                            
09:33:19.287698 WARNING  [Image Server] RGBD stream         image_server.py:1906
                         head_rgbd_camera waiting for                           
                         frames from                                            
                         head_camera/__head_rgbd_camera_dep                     
                         th (1/60).                                             
09:33:20.254325 WARNING  [Image Server] RGBD stream         image_server.py:1906
                         head_rgbd_camera waiting for                           
                         frames from                                            
                         head_camera/__head_rgbd_camera_dep                     
                         th (30/60).                                            
09:33:21.254352 WARNING  [Image Server] RGBD stream         image_server.py:1906
                         head_rgbd_camera waiting for                           
                         frames from                                            
                         head_camera/__head_rgbd_camera_dep                     
                         th (60/60).                                            
09:33:21.288884 WARNING  [Image Server] RGBD stream         image_server.py:1906
                         head_rgbd_camera waiting for                           
                         frames from                                            
                         head_camera/__head_rgbd_camera_dep                     
                         th (1/60).                                             
09:33:22.254395 WARNING  [Image Server] RGBD stream         image_server.py:1906
                         head_rgbd_camera waiting for                           
                         frames from                                            
                         head_camera/__head_rgbd_camera_dep                     
                         th (30/60).                                            
09:33:23.254364 WARNING  [Image Server] RGBD stream         image_server.py:1906
                         head_rgbd_camera waiting for                           
                         frames from                                            
                         head_camera/__head_rgbd_camera_dep                     
                         th (60/60).                                            
09:33:23.287689 WARNING  [Image Server] RGBD stream         image_server.py:1906
                         head_rgbd_camera waiting for                           
                         frames from                                            
                         head_camera/__head_rgbd_camera_dep                     
                         th (1/60).                                             
09:33:24.254335 WARNING  [Image Server] RGBD stream         image_server.py:1906
                         head_rgbd_camera waiting for                           
                         frames from                                            
                         head_camera/__head_rgbd_camera_dep                     
                         th (30/60).                                            
09:33:25.254329 WARNING  [Image Server] RGBD stream         image_server.py:1906
                         head_rgbd_camera waiting for                           
                         frames from                                            
                         head_camera/__head_rgbd_camera_dep                     
                         th (60/60).                                            
09:33:25.287701 WARNING  [Image Server] RGBD stream         image_server.py:1906
                         head_rgbd_camera waiting for                           
                         frames from                                            
                         head_camera/__head_rgbd_camera_dep                     
                         th (1/60).                                             
09:33:26.254386 WARNING  [Image Server] RGBD stream         image_server.py:1906
                         head_rgbd_camera waiting for                           
                         frames from                                            
                         head_camera/__head_rgbd_camera_dep                     
                         th (30/60).                                            
09:33:27.254846 WARNING  [Image Server] RGBD stream         image_server.py:1906
                         head_rgbd_camera waiting for                           
                         frames from                                            
                         head_camera/__head_rgbd_camera_dep                     
                         th (60/60).                                            
09:33:27.287675 WARNING  [Image Server] RGBD stream         image_server.py:1906
                         head_rgbd_camera waiting for                           
                         frames from                                            
                         head_camera/__head_rgbd_camera_dep                     
                         th (1/60).                                             
09:33:28.254342 WARNING  [Image Server] RGBD stream         image_server.py:1906
                         head_rgbd_camera waiting for                           
                         frames from                                            
                         head_camera/__head_rgbd_camera_dep                     
                         th (30/60).                                            
09:33:29.254311 WARNING  [Image Server] RGBD stream         image_server.py:1906
                         head_rgbd_camera waiting for                           
                         frames from                                            
                         head_camera/__head_rgbd_camera_dep                     
                         th (60/60).                                            
09:33:29.288230 WARNING  [Image Server] RGBD stream         image_server.py:1906
                         head_rgbd_camera waiting for                           
                         frames from                                            
                         head_camera/__head_rgbd_camera_dep                     
                         th (1/60).                                             
09:33:30.256511 WARNING  [Image Server] RGBD stream         image_server.py:1906
                         head_rgbd_camera waiting for                           
                         frames from                                            
                         head_camera/__head_rgbd_camera_dep                     
                         th (30/60).                                            
09:33:31.254451 WARNING  [Image Server] RGBD stream         image_server.py:1906
                         head_rgbd_camera waiting for                           
                         frames from                                            
                         head_camera/__head_rgbd_camera_dep                     
                         th (60/60).                                            
09:33:31.289355 WARNING  [Image Server] RGBD stream         image_server.py:1906
                         head_rgbd_camera waiting for                           
                         frames from                                            
                         head_camera/__head_rgbd_camera_dep                     
                         th (1/60).                                             
09:33:32.254361 WARNING  [Image Server] RGBD stream         image_server.py:1906
                         head_rgbd_camera waiting for                           
                         frames from                                            
                         head_camera/__head_rgbd_camera_dep                     
                         th (30/60).                                            
09:33:33.254341 WARNING  [Image Server] RGBD stream         image_server.py:1906
                         head_rgbd_camera waiting for                           
                         frames from                                            
                         head_camera/__head_rgbd_camera_dep                     
                         th (60/60).                                            
09:33:33.287754 WARNING  [Image Server] RGBD stream         image_server.py:1906
                         head_rgbd_camera waiting for                           
                         frames from                                            
                         head_camera/__head_rgbd_camera_dep                     
                         th (1/60).                                             
09:33:34.254524 WARNING  [Image Server] RGBD stream         image_server.py:1906
                         head_rgbd_camera waiting for                           
                         frames from                                            
                         head_camera/__head_rgbd_camera_dep                     
                         th (30/60).                                            
09:33:35.254309 WARNING  [Image Server] RGBD stream         image_server.py:1906
                         head_rgbd_camera waiting for                           
                         frames from                                            
                         head_camera/__head_rgbd_camera_dep                     
                         th (60/60).                                            
09:33:35.287636 WARNING  [Image Server] RGBD stream         image_server.py:1906
                         head_rgbd_camera waiting for                           
                         frames from                                            
                         head_camera/__head_rgbd_camera_dep                     
                         th (1/60).                                             
09:33:36.256983 WARNING  [Image Server] RGBD stream         image_server.py:1906
                         head_rgbd_camera waiting for                           
                         frames from                                            
                         head_camera/__head_rgbd_camera_dep                     
                         th (30/60).                                            
09:33:37.254360 WARNING  [Image Server] RGBD stream         image_server.py:1906
                         head_rgbd_camera waiting for                           
                         frames from                                            
                         head_camera/__head_rgbd_camera_dep                     
                         th (60/60).                                            
09:33:37.288282 WARNING  [Image Server] RGBD stream         image_server.py:1906
                         head_rgbd_camera waiting for                           
                         frames from                                            
                         head_camera/__head_rgbd_camera_dep                     
                         th (1/60).                                             
09:33:38.255207 WARNING  [Image Server] RGBD stream         image_server.py:1906
                         head_rgbd_camera waiting for                           
                         frames from                                            
                         head_camera/__head_rgbd_camera_dep                     
                         th (30/60).                                            
09:33:39.254333 WARNING  [Image Server] RGBD stream         image_server.py:1906
                         head_rgbd_camera waiting for                           
                         frames from                                            
                         head_camera/__head_rgbd_camera_dep                     
                         th (60/60).                                            
09:33:39.288143 WARNING  [Image Server] RGBD stream         image_server.py:1906
                         head_rgbd_camera waiting for                           
                         frames from                                            
                         head_camera/__head_rgbd_camera_dep                     
                         th (1/60).                                             
09:33:40.254535 WARNING  [Image Server] RGBD stream         image_server.py:1906
                         head_rgbd_camera waiting for                           
                         frames from                                            
                         head_camera/__head_rgbd_camera_dep                     
                         th (30/60).                                            
09:33:41.254331 WARNING  [Image Server] RGBD stream         image_server.py:1906
                         head_rgbd_camera waiting for                           
                         frames from                                            
                         head_camera/__head_rgbd_camera_dep                     
                         th (60/60).                                            
09:33:41.287626 WARNING  [Image Server] RGBD stream         image_server.py:1906
                         head_rgbd_camera waiting for                           
                         frames from                                            
                         head_camera/__head_rgbd_camera_dep                     
                         th (1/60).                                             
09:33:42.254355 WARNING  [Image Server] RGBD stream         image_server.py:1906
                         head_rgbd_camera waiting for                           
                         frames from                                            
                         head_camera/__head_rgbd_camera_dep                     
                         th (30/60).                                            
09:33:43.254333 WARNING  [Image Server] RGBD stream         image_server.py:1906
                         head_rgbd_camera waiting for                           
                         frames from                                            
                         head_camera/__head_rgbd_camera_dep                     
                         th (60/60).                                            
09:33:43.288240 WARNING  [Image Server] RGBD stream         image_server.py:1906
                         head_rgbd_camera waiting for                           
                         frames from                                            
                         head_camera/__head_rgbd_camera_dep                     
                         th (1/60).                                             
09:33:44.255544 WARNING  [Image Server] RGBD stream         image_server.py:1906
                         head_rgbd_camera waiting for                           
                         frames from                                            
                         head_camera/__head_rgbd_camera_dep                     
                         th (30/60).                                            
09:33:45.254354 WARNING  [Image Server] RGBD stream         image_server.py:1906
                         head_rgbd_camera waiting for                           
                         frames from                                            
                         head_camera/__head_rgbd_camera_dep                     
                         th (60/60).                                            
09:33:45.287658 WARNING  [Image Server] RGBD stream         image_server.py:1906
                         head_rgbd_camera waiting for                           
                         frames from                                            
                         head_camera/__head_rgbd_camera_dep                     
                         th (1/60).                                             
09:33:46.254348 WARNING  [Image Server] RGBD stream         image_server.py:1906
                         head_rgbd_camera waiting for                           
                         frames from                                            
                         head_camera/__head_rgbd_camera_dep                     
                         th (30/60).                                            
09:33:47.254901 WARNING  [Image Server] RGBD stream         image_server.py:1906
                         head_rgbd_camera waiting for                           
                         frames from                                            
                         head_camera/__head_rgbd_camera_dep                     
                         th (60/60).                                            
09:33:47.288354 WARNING  [Image Server] RGBD stream         image_server.py:1906
                         head_rgbd_camera waiting for                           
                         frames from                                            
                         head_camera/__head_rgbd_camera_dep                     
                         th (1/60).                                             
09:33:48.255630 WARNING  [Image Server] RGBD stream         image_server.py:1906
                         head_rgbd_camera waiting for                           
                         frames from                                            
                         head_camera/__head_rgbd_camera_dep                     
                         th (30/60).                                            
09:33:49.256450 WARNING  [Image Server] RGBD stream         image_server.py:1906
                         head_rgbd_camera waiting for                           
                         frames from                                            
                         head_camera/__head_rgbd_camera_dep                     
                         th (60/60).                                            
09:33:49.287831 WARNING  [Image Server] RGBD stream         image_server.py:1906
                         head_rgbd_camera waiting for                           
                         frames from                                            
                         head_camera/__head_rgbd_camera_dep                     
                         th (1/60).                                             
09:33:50.254375 WARNING  [Image Server] RGBD stream         image_server.py:1906
                         head_rgbd_camera waiting for                           
                         frames from                                            
                         head_camera/__head_rgbd_camera_dep                     
                         th (30/60).                                            
09:33:51.255222 WARNING  [Image Server] RGBD stream         image_server.py:1906
                         head_rgbd_camera waiting for                           
                         frames from                                            
                         head_camera/__head_rgbd_camera_dep                     
                         th (60/60).                                            
09:33:51.288298 WARNING  [Image Server] RGBD stream         image_server.py:1906
                         head_rgbd_camera waiting for                           
                         frames from                                            
                         head_camera/__head_rgbd_camera_dep                     
                         th (1/60).                                             
09:33:52.254711 WARNING  [Image Server] RGBD stream         image_server.py:1906
                         head_rgbd_camera waiting for                           
                         frames from                                            
                         head_camera/__head_rgbd_camera_dep                     
                         th (30/60).                                            
09:33:53.256554 WARNING  [Image Server] RGBD stream         image_server.py:1906
                         head_rgbd_camera waiting for                           
                         frames from                                            
                         head_camera/__head_rgbd_camera_dep                     
                         th (60/60).                                            
09:33:53.287674 WARNING  [Image Server] RGBD stream         image_server.py:1906
                         head_rgbd_camera waiting for                           
                         frames from                                            
                         head_camera/__head_rgbd_camera_dep                     
                         th (1/60).                                             
09:33:54.254432 WARNING  [Image Server] RGBD stream         image_server.py:1906
                         head_rgbd_camera waiting for                           
                         frames from                                            
                         head_camera/__head_rgbd_camera_dep                     
                         th (30/60).                                            
09:33:55.255969 WARNING  [Image Server] RGBD stream         image_server.py:1906
                         head_rgbd_camera waiting for                           
                         frames from                                            
                         head_camera/__head_rgbd_camera_dep                     
                         th (60/60).                                            
09:33:55.287714 WARNING  [Image Server] RGBD stream         image_server.py:1906
                         head_rgbd_camera waiting for                           
                         frames from                                            
                         head_camera/__head_rgbd_camera_dep                     
                         th (1/60).                                             
09:33:56.254392 WARNING  [Image Server] RGBD stream         image_server.py:1906
                         head_rgbd_camera waiting for                           
                         frames from                                            
                         head_camera/__head_rgbd_camera_dep                     
                         th (30/60).                                            
09:33:57.254397 WARNING  [Image Server] RGBD stream         image_server.py:1906
                         head_rgbd_camera waiting for                           
                         frames from                                            
                         head_camera/__head_rgbd_camera_dep                     
                         th (60/60).                                            
09:33:57.287665 WARNING  [Image Server] RGBD stream         image_server.py:1906
                         head_rgbd_camera waiting for                           
                         frames from                                            
                         head_camera/__head_rgbd_camera_dep                     
                         th (1/60).                                             
09:33:58.254388 WARNING  [Image Server] RGBD stream         image_server.py:1906
                         head_rgbd_camera waiting for                           
                         frames from                                            
                         head_camera/__head_rgbd_camera_dep                     
                         th (30/60).                                            
09:33:59.254375 WARNING  [Image Server] RGBD stream         image_server.py:1906
                         head_rgbd_camera waiting for                           
                         frames from                                            
                         head_camera/__head_rgbd_camera_dep                     
                         th (60/60).                                            
09:33:59.287655 WARNING  [Image Server] RGBD stream         image_server.py:1906
                         head_rgbd_camera waiting for                           
                         frames from                                            
                         head_camera/__head_rgbd_camera_dep                     
                         th (1/60).                                             
09:34:00.254332 WARNING  [Image Server] RGBD stream         image_server.py:1906
                         head_rgbd_camera waiting for                           
                         frames from                                            
                         head_camera/__head_rgbd_camera_dep                     
                         th (30/60).                                            
09:34:01.254369 WARNING  [Image Server] RGBD stream         image_server.py:1906
                         head_rgbd_camera waiting for                           
                         frames from                                            
                         head_camera/__head_rgbd_camera_dep                     
                         th (60/60).                                            
09:34:01.288097 WARNING  [Image Server] RGBD stream         image_server.py:1906
                         head_rgbd_camera waiting for                           
                         frames from                                            
                         head_camera/__head_rgbd_camera_dep                     
                         th (1/60).                                             
09:34:02.254332 WARNING  [Image Server] RGBD stream         image_server.py:1906
                         head_rgbd_camera waiting for                           
                         frames from                                            
                         head_camera/__head_rgbd_camera_dep                     
                         th (30/60).                                            
09:34:03.254327 WARNING  [Image Server] RGBD stream         image_server.py:1906
                         head_rgbd_camera waiting for                           
                         frames from                                            
                         head_camera/__head_rgbd_camera_dep                     
                         th (60/60).                                            
09:34:03.287647 WARNING  [Image Server] RGBD stream         image_server.py:1906
                         head_rgbd_camera waiting for                           
                         frames from                                            
                         head_camera/__head_rgbd_camera_dep                     
                         th (1/60).                                             
09:34:04.257091 WARNING  [Image Server] RGBD stream         image_server.py:1906
                         head_rgbd_camera waiting for                           
                         frames from                                            
                         head_camera/__head_rgbd_camera_dep                     
                         th (30/60).                                            
09:34:05.254375 WARNING  [Image Server] RGBD stream         image_server.py:1906
                         head_rgbd_camera waiting for                           
                         frames from                                            
                         head_camera/__head_rgbd_camera_dep                     
                         th (60/60).                                            
09:34:05.288620 WARNING  [Image Server] RGBD stream         image_server.py:1906
                         head_rgbd_camera waiting for                           
                         frames from                                            
                         head_camera/__head_rgbd_camera_dep                     
                         th (1/60).                                             
09:34:06.254316 WARNING  [Image Server] RGBD stream         image_server.py:1906
                         head_rgbd_camera waiting for                           
                         frames from                                            
                         head_camera/__head_rgbd_camera_dep                     
                         th (30/60).                                            
09:34:07.254401 WARNING  [Image Server] RGBD stream         image_server.py:1906
                         head_rgbd_camera waiting for                           
                         frames from                                            
                         head_camera/__head_rgbd_camera_dep                     
                         th (60/60).                                            
09:34:07.287713 WARNING  [Image Server] RGBD stream         image_server.py:1906
                         head_rgbd_camera waiting for                           
                         frames from                                            
                         head_camera/__head_rgbd_camera_dep                     
                         th (1/60).                                             
09:34:08.255267 WARNING  [Image Server] RGBD stream         image_server.py:1906
                         head_rgbd_camera waiting for                           
                         frames from                                            
                         head_camera/__head_rgbd_camera_dep                     
                         th (30/60).                                            
09:34:09.255440 WARNING  [Image Server] RGBD stream         image_server.py:1906
                         head_rgbd_camera waiting for                           
                         frames from                                            
                         head_camera/__head_rgbd_camera_dep                     
                         th (60/60).                                            
09:34:09.289001 WARNING  [Image Server] RGBD stream         image_server.py:1906
                         head_rgbd_camera waiting for                           
                         frames from                                            
                         head_camera/__head_rgbd_camera_dep                     
                         th (1/60).                                             
09:34:10.254495 WARNING  [Image Server] RGBD stream         image_server.py:1906
                         head_rgbd_camera waiting for                           
                         frames from                                            
                         head_camera/__head_rgbd_camera_dep                     
                         th (30/60).                                            
09:34:11.254350 WARNING  [Image Server] RGBD stream         image_server.py:1906
                         head_rgbd_camera waiting for                           
                         frames from                                            
                         head_camera/__head_rgbd_camera_dep                     
                         th (60/60).                                            
09:34:11.287647 WARNING  [Image Server] RGBD stream         image_server.py:1906
                         head_rgbd_camera waiting for                           
                         frames from                                            
                         head_camera/__head_rgbd_camera_dep                     
                         th (1/60).                                             
09:34:12.254359 WARNING  [Image Server] RGBD stream         image_server.py:1906
                         head_rgbd_camera waiting for                           
                         frames from                                            
                         head_camera/__head_rgbd_camera_dep                     
                         th (30/60).                                            
09:34:13.254368 WARNING  [Image Server] RGBD stream         image_server.py:1906
                         head_rgbd_camera waiting for                           
                         frames from                                            
                         head_camera/__head_rgbd_camera_dep                     
                         th (60/60).                                            
09:34:13.287700 WARNING  [Image Server] RGBD stream         image_server.py:1906
                         head_rgbd_camera waiting for                           
                         frames from                                            
                         head_camera/__head_rgbd_camera_dep                     
                         th (1/60).                                             
09:34:14.254341 WARNING  [Image Server] RGBD stream         image_server.py:1906
                         head_rgbd_camera waiting for                           
                         frames from                                            
                         head_camera/__head_rgbd_camera_dep                     
                         th (30/60).                                            
09:34:15.254407 WARNING  [Image Server] RGBD stream         image_server.py:1906
                         head_rgbd_camera waiting for                           
                         frames from                                            
                         head_camera/__head_rgbd_camera_dep                     
                         th (60/60).                                            
09:34:15.289730 WARNING  [Image Server] RGBD stream         image_server.py:1906
                         head_rgbd_camera waiting for                           
                         frames from                                            
                         head_camera/__head_rgbd_camera_dep                     
                         th (1/60).                                             
09:34:16.254758 WARNING  [Image Server] RGBD stream         image_server.py:1906
                         head_rgbd_camera waiting for                           
                         frames from                                            
                         head_camera/__head_rgbd_camera_dep                     
                         th (30/60).                                            
09:34:17.254363 WARNING  [Image Server] RGBD stream         image_server.py:1906
                         head_rgbd_camera waiting for                           
                         frames from                                            
                         head_camera/__head_rgbd_camera_dep                     
                         th (60/60).                                            
09:34:17.287697 WARNING  [Image Server] RGBD stream         image_server.py:1906
                         head_rgbd_camera waiting for                           
                         frames from                                            
                         head_camera/__head_rgbd_camera_dep                     
                         th (1/60).                                             
09:34:18.254449 WARNING  [Image Server] RGBD stream         image_server.py:1906
                         head_rgbd_camera waiting for                           
                         frames from                                            
                         head_camera/__head_rgbd_camera_dep                     
                         th (30/60).                                            
09:34:19.254389 WARNING  [Image Server] RGBD stream         image_server.py:1906
                         head_rgbd_camera waiting for                           
                         frames from                                            
                         head_camera/__head_rgbd_camera_dep                     
                         th (60/60).                                            
09:34:19.287703 WARNING  [Image Server] RGBD stream         image_server.py:1906
                         head_rgbd_camera waiting for                           
                         frames from                                            
                         head_camera/__head_rgbd_camera_dep                     
                         th (1/60).                                             
09:34:20.254969 WARNING  [Image Server] RGBD stream         image_server.py:1906
                         head_rgbd_camera waiting for                           
                         frames from                                            
                         head_camera/__head_rgbd_camera_dep                     
                         th (30/60).                                            
09:34:21.254313 WARNING  [Image Server] RGBD stream         image_server.py:1906
                         head_rgbd_camera waiting for                           
                         frames from                                            
                         head_camera/__head_rgbd_camera_dep                     
                         th (60/60).                                            
09:34:21.287685 WARNING  [Image Server] RGBD stream         image_server.py:1906
                         head_rgbd_camera waiting for                           
                         frames from                                            
                         head_camera/__head_rgbd_camera_dep                     
                         th (1/60).                                             
09:34:22.254358 WARNING  [Image Server] RGBD stream         image_server.py:1906
                         head_rgbd_camera waiting for                           
                         frames from                                            
                         head_camera/__head_rgbd_camera_dep                     
                         th (30/60).                                            
09:34:23.254363 WARNING  [Image Server] RGBD stream         image_server.py:1906
                         head_rgbd_camera waiting for                           
                         frames from                                            
                         head_camera/__head_rgbd_camera_dep                     
                         th (60/60).                                            
09:34:23.287671 WARNING  [Image Server] RGBD stream         image_server.py:1906
                         head_rgbd_camera waiting for                           
                         frames from                                            
                         head_camera/__head_rgbd_camera_dep                     
                         th (1/60).                                             
09:34:24.254349 WARNING  [Image Server] RGBD stream         image_server.py:1906
                         head_rgbd_camera waiting for                           
                         frames from                                            
                         head_camera/__head_rgbd_camera_dep                     
                         th (30/60).                                            
09:34:25.255435 WARNING  [Image Server] RGBD stream         image_server.py:1906
                         head_rgbd_camera waiting for                           
                         frames from                                            
                         head_camera/__head_rgbd_camera_dep                     
                         th (60/60).                                            
09:34:25.288285 WARNING  [Image Server] RGBD stream         image_server.py:1906
                         head_rgbd_camera waiting for                           
                         frames from                                            
                         head_camera/__head_rgbd_camera_dep                     
                         th (1/60).                                             
09:34:26.254536 WARNING  [Image Server] RGBD stream         image_server.py:1906
                         head_rgbd_camera waiting for                           
                         frames from                                            
                         head_camera/__head_rgbd_camera_dep                     
                         th (30/60).                                            
09:34:27.254312 WARNING  [Image Server] RGBD stream         image_server.py:1906
                         head_rgbd_camera waiting for                           
                         frames from                                            
                         head_camera/__head_rgbd_camera_dep                     
                         th (60/60).                                            
09:34:27.287683 WARNING  [Image Server] RGBD stream         image_server.py:1906
                         head_rgbd_camera waiting for                           
                         frames from                                            
                         head_camera/__head_rgbd_camera_dep                     
                         th (1/60).                                             
09:34:28.254356 WARNING  [Image Server] RGBD stream         image_server.py:1906
                         head_rgbd_camera waiting for                           
                         frames from                                            
                         head_camera/__head_rgbd_camera_dep                     
                         th (30/60).                                            
09:34:29.255896 WARNING  [Image Server] RGBD stream         image_server.py:1906
                         head_rgbd_camera waiting for                           
                         frames from                                            
                         head_camera/__head_rgbd_camera_dep                     
                         th (60/60).                                            
09:34:29.290688 WARNING  [Image Server] RGBD stream         image_server.py:1906
                         head_rgbd_camera waiting for                           
                         frames from                                            
                         head_camera/__head_rgbd_camera_dep                     
                         th (1/60).                                             
09:34:30.254333 WARNING  [Image Server] RGBD stream         image_server.py:1906
                         head_rgbd_camera waiting for                           
                         frames from                                            
                         head_camera/__head_rgbd_camera_dep                     
                         th (30/60).                                            
09:34:31.254399 WARNING  [Image Server] RGBD stream         image_server.py:1906
                         head_rgbd_camera waiting for                           
                         frames from                                            
                         head_camera/__head_rgbd_camera_dep                     
                         th (60/60).                                            
09:34:31.287706 WARNING  [Image Server] RGBD stream         image_server.py:1906
                         head_rgbd_camera waiting for                           
                         frames from                                            
                         head_camera/__head_rgbd_camera_dep                     
                         th (1/60).                                             
09:34:32.254334 WARNING  [Image Server] RGBD stream         image_server.py:1906
                         head_rgbd_camera waiting for                           
                         frames from                                            
                         head_camera/__head_rgbd_camera_dep                     
                         th (30/60).                                            
09:34:33.254333 WARNING  [Image Server] RGBD stream         image_server.py:1906
                         head_rgbd_camera waiting for                           
                         frames from                                            
                         head_camera/__head_rgbd_camera_dep                     
                         th (60/60).                                            
09:34:33.287797 WARNING  [Image Server] RGBD stream         image_server.py:1906
                         head_rgbd_camera waiting for                           
                         frames from                                            
                         head_camera/__head_rgbd_camera_dep                     
                         th (1/60).                                             
09:34:34.254321 WARNING  [Image Server] RGBD stream         image_server.py:1906
                         head_rgbd_camera waiting for                           
                         frames from                                            
                         head_camera/__head_rgbd_camera_dep                     
                         th (30/60).                                            
09:34:35.255538 WARNING  [Image Server] RGBD stream         image_server.py:1906
                         head_rgbd_camera waiting for                           
                         frames from                                            
                         head_camera/__head_rgbd_camera_dep                     
                         th (60/60).                                            
09:34:35.288844 WARNING  [Image Server] RGBD stream         image_server.py:1906
                         head_rgbd_camera waiting for                           
                         frames from                                            
                         head_camera/__head_rgbd_camera_dep                     
                         th (1/60).                                             
09:34:36.254350 WARNING  [Image Server] RGBD stream         image_server.py:1906
                         head_rgbd_camera waiting for                           
                         frames from                                            
                         head_camera/__head_rgbd_camera_dep                     
                         th (30/60).                                            
09:34:37.254342 WARNING  [Image Server] RGBD stream         image_server.py:1906
                         head_rgbd_camera waiting for                           
                         frames from                                            
                         head_camera/__head_rgbd_camera_dep                     
                         th (60/60).                                            
09:34:37.287667 WARNING  [Image Server] RGBD stream         image_server.py:1906
                         head_rgbd_camera waiting for                           
                         frames from                                            
                         head_camera/__head_rgbd_camera_dep                     
                         th (1/60).                                             
09:34:38.254330 WARNING  [Image Server] RGBD stream         image_server.py:1906
                         head_rgbd_camera waiting for                           
                         frames from                                            
                         head_camera/__head_rgbd_camera_dep                     
                         th (30/60).                                            
09:34:39.254334 WARNING  [Image Server] RGBD stream         image_server.py:1906
                         head_rgbd_camera waiting for                           
                         frames from                                            
                         head_camera/__head_rgbd_camera_dep                     
                         th (60/60).                                            
09:34:39.287702 WARNING  [Image Server] RGBD stream         image_server.py:1906
                         head_rgbd_camera waiting for                           
                         frames from                                            
                         head_camera/__head_rgbd_camera_dep                     
                         th (1/60).                                             
09:34:40.254347 WARNING  [Image Server] RGBD stream         image_server.py:1906
                         head_rgbd_camera waiting for                           
                         frames from                                            
                         head_camera/__head_rgbd_camera_dep                     
                         th (30/60).                                            
09:34:41.254331 WARNING  [Image Server] RGBD stream         image_server.py:1906
                         head_rgbd_camera waiting for                           
                         frames from                                            
                         head_camera/__head_rgbd_camera_dep                     
                         th (60/60).                                            
09:34:41.287706 WARNING  [Image Server] RGBD stream         image_server.py:1906
                         head_rgbd_camera waiting for                           
                         frames from                                            
                         head_camera/__head_rgbd_camera_dep                     
                         th (1/60).                                             
09:34:42.254316 WARNING  [Image Server] RGBD stream         image_server.py:1906
                         head_rgbd_camera waiting for                           
                         frames from                                            
                         head_camera/__head_rgbd_camera_dep                     
                         th (30/60).                                            
09:34:43.254380 WARNING  [Image Server] RGBD stream         image_server.py:1906
                         head_rgbd_camera waiting for                           
                         frames from                                            
                         head_camera/__head_rgbd_camera_dep                     
                         th (60/60).                                            
09:34:43.287685 WARNING  [Image Server] RGBD stream         image_server.py:1906
                         head_rgbd_camera waiting for                           
                         frames from                                            
                         head_camera/__head_rgbd_camera_dep                     
                         th (1/60).                                             
09:34:44.255795 WARNING  [Image Server] RGBD stream         image_server.py:1906
                         head_rgbd_camera waiting for                           
                         frames from                                            
                         head_camera/__head_rgbd_camera_dep                     
                         th (30/60).                                            
09:34:45.254346 WARNING  [Image Server] RGBD stream         image_server.py:1906
                         head_rgbd_camera waiting for                           
                         frames from                                            
                         head_camera/__head_rgbd_camera_dep                     
                         th (60/60).                                            
09:34:45.287702 WARNING  [Image Server] RGBD stream         image_server.py:1906
                         head_rgbd_camera waiting for                           
                         frames from                                            
                         head_camera/__head_rgbd_camera_dep                     
                         th (1/60).                                             
09:34:46.254327 WARNING  [Image Server] RGBD stream         image_server.py:1906
                         head_rgbd_camera waiting for                           
                         frames from                                            
                         head_camera/__head_rgbd_camera_dep                     
                         th (30/60).                                            
09:34:47.254489 WARNING  [Image Server] RGBD stream         image_server.py:1906
                         head_rgbd_camera waiting for                           
                         frames from                                            
                         head_camera/__head_rgbd_camera_dep                     
                         th (60/60).                                            
09:34:47.287690 WARNING  [Image Server] RGBD stream         image_server.py:1906
                         head_rgbd_camera waiting for                           
                         frames from                                            
                         head_camera/__head_rgbd_camera_dep                     
                         th (1/60).                                             
09:34:48.255192 WARNING  [Image Server] RGBD stream         image_server.py:1906
                         head_rgbd_camera waiting for                           
                         frames from                                            
                         head_camera/__head_rgbd_camera_dep                     
                         th (30/60).                                            
09:34:49.254600 WARNING  [Image Server] RGBD stream         image_server.py:1906
                         head_rgbd_camera waiting for                           
                         frames from                                            
                         head_camera/__head_rgbd_camera_dep                     
                         th (60/60).                                            
09:34:49.287965 WARNING  [Image Server] RGBD stream         image_server.py:1906
                         head_rgbd_camera waiting for                           
                         frames from                                            
                         head_camera/__head_rgbd_camera_dep                     
                         th (1/60).                                             
09:34:50.255253 WARNING  [Image Server] RGBD stream         image_server.py:1906
                         head_rgbd_camera waiting for                           
                         frames from                                            
                         head_camera/__head_rgbd_camera_dep                     
                         th (30/60).                                            
09:34:51.254347 WARNING  [Image Server] RGBD stream         image_server.py:1906
                         head_rgbd_camera waiting for                           
                         frames from                                            
                         head_camera/__head_rgbd_camera_dep                     
                         th (60/60).                                            
09:34:51.289460 WARNING  [Image Server] RGBD stream         image_server.py:1906
                         head_rgbd_camera waiting for                           
                         frames from                                            
                         head_camera/__head_rgbd_camera_dep                     
                         th (1/60).                                             
09:34:52.254378 WARNING  [Image Server] RGBD stream         image_server.py:1906
                         head_rgbd_camera waiting for                           
                         frames from                                            
                         head_camera/__head_rgbd_camera_dep                     
                         th (30/60).                                            
09:34:53.256612 WARNING  [Image Server] RGBD stream         image_server.py:1906
                         head_rgbd_camera waiting for                           
                         frames from                                            
                         head_camera/__head_rgbd_camera_dep                     
                         th (60/60).                                            
09:34:53.287699 WARNING  [Image Server] RGBD stream         image_server.py:1906
                         head_rgbd_camera waiting for                           
                         frames from                                            
                         head_camera/__head_rgbd_camera_dep                     
                         th (1/60).                                             
09:34:54.254604 WARNING  [Image Server] RGBD stream         image_server.py:1906
                         head_rgbd_camera waiting for                           
                         frames from                                            
                         head_camera/__head_rgbd_camera_dep                     
                         th (30/60).                                            
09:34:55.254383 WARNING  [Image Server] RGBD stream         image_server.py:1906
                         head_rgbd_camera waiting for                           
                         frames from                                            
                         head_camera/__head_rgbd_camera_dep                     
                         th (60/60).                                            
09:34:55.287671 WARNING  [Image Server] RGBD stream         image_server.py:1906
                         head_rgbd_camera waiting for                           
                         frames from                                            
                         head_camera/__head_rgbd_camera_dep                     
                         th (1/60).                                             
09:34:56.254328 WARNING  [Image Server] RGBD stream         image_server.py:1906
                         head_rgbd_camera waiting for                           
                         frames from                                            
                         head_camera/__head_rgbd_camera_dep                     
                         th (30/60).                                            
09:34:57.255254 WARNING  [Image Server] RGBD stream         image_server.py:1906
                         head_rgbd_camera waiting for                           
                         frames from                                            
                         head_camera/__head_rgbd_camera_dep                     
                         th (60/60).                                            
09:34:57.290955 WARNING  [Image Server] RGBD stream         image_server.py:1906
                         head_rgbd_camera waiting for                           
                         frames from                                            
                         head_camera/__head_rgbd_camera_dep                     
                         th (1/60).                                             
09:34:58.254384 WARNING  [Image Server] RGBD stream         image_server.py:1906
                         head_rgbd_camera waiting for                           
                         frames from                                            
                         head_camera/__head_rgbd_camera_dep                     
                         th (30/60).                                            
09:34:59.254385 WARNING  [Image Server] RGBD stream         image_server.py:1906
                         head_rgbd_camera waiting for                           
                         frames from                                            
                         head_camera/__head_rgbd_camera_dep                     
                         th (60/60).                                            
09:34:59.287652 WARNING  [Image Server] RGBD stream         image_server.py:1906
                         head_rgbd_camera waiting for                           
                         frames from                                            
                         head_camera/__head_rgbd_camera_dep                     
                         th (1/60).                                             
09:35:00.256064 WARNING  [Image Server] RGBD stream         image_server.py:1906
                         head_rgbd_camera waiting for                           
                         frames from                                            
                         head_camera/__head_rgbd_camera_dep                     
                         th (30/60).                                            
09:35:01.254340 WARNING  [Image Server] RGBD stream         image_server.py:1906
                         head_rgbd_camera waiting for                           
                         frames from                                            
                         head_camera/__head_rgbd_camera_dep                     
                         th (60/60).                                            
09:35:01.288436 WARNING  [Image Server] RGBD stream         image_server.py:1906
                         head_rgbd_camera waiting for                           
                         frames from                                            
                         head_camera/__head_rgbd_camera_dep                     
                         th (1/60).                                             
09:35:02.254345 WARNING  [Image Server] RGBD stream         image_server.py:1906
                         head_rgbd_camera waiting for                           
                         frames from                                            
                         head_camera/__head_rgbd_camera_dep                     
                         th (30/60).                                            
09:35:03.254887 WARNING  [Image Server] RGBD stream         image_server.py:1906
                         head_rgbd_camera waiting for                           
                         frames from                                            
                         head_camera/__head_rgbd_camera_dep                     
                         th (60/60).                                            
09:35:03.287669 WARNING  [Image Server] RGBD stream         image_server.py:1906
                         head_rgbd_camera waiting for                           
                         frames from                                            
                         head_camera/__head_rgbd_camera_dep                     
                         th (1/60).                                             
09:35:04.256154 WARNING  [Image Server] RGBD stream         image_server.py:1906
                         head_rgbd_camera waiting for                           
                         frames from                                            
                         head_camera/__head_rgbd_camera_dep                     
                         th (30/60).                                            
09:35:05.254337 WARNING  [Image Server] RGBD stream         image_server.py:1906
                         head_rgbd_camera waiting for                           
                         frames from                                            
                         head_camera/__head_rgbd_camera_dep                     
                         th (60/60).                                            
09:35:05.289510 WARNING  [Image Server] RGBD stream         image_server.py:1906
                         head_rgbd_camera waiting for                           
                         frames from                                            
                         head_camera/__head_rgbd_camera_dep                     
                         th (1/60).                                             
09:35:06.254311 WARNING  [Image Server] RGBD stream         image_server.py:1906
                         head_rgbd_camera waiting for                           
                         frames from                                            
                         head_camera/__head_rgbd_camera_dep                     
                         th (30/60).                                            
09:35:07.255312 WARNING  [Image Server] RGBD stream         image_server.py:1906
                         head_rgbd_camera waiting for                           
                         frames from                                            
                         head_camera/__head_rgbd_camera_dep                     
                         th (60/60).                                            
09:35:07.288605 WARNING  [Image Server] RGBD stream         image_server.py:1906
                         head_rgbd_camera waiting for                           
                         frames from                                            
                         head_camera/__head_rgbd_camera_dep                     
                         th (1/60).                                             
09:35:08.256011 WARNING  [Image Server] RGBD stream         image_server.py:1906
                         head_rgbd_camera waiting for                           
                         frames from                                            
                         head_camera/__head_rgbd_camera_dep                     
                         th (30/60).                                            
09:35:09.254324 WARNING  [Image Server] RGBD stream         image_server.py:1906
                         head_rgbd_camera waiting for                           
                         frames from                                            
                         head_camera/__head_rgbd_camera_dep                     
                         th (60/60).                                            
09:35:09.287631 WARNING  [Image Server] RGBD stream         image_server.py:1906
                         head_rgbd_camera waiting for                           
                         frames from                                            
                         head_camera/__head_rgbd_camera_dep                     
                         th (1/60).                                             
09:35:10.254387 WARNING  [Image Server] RGBD stream         image_server.py:1906
                         head_rgbd_camera waiting for                           
                         frames from                                            
                         head_camera/__head_rgbd_camera_dep                     
                         th (30/60).                                            
09:35:11.254346 WARNING  [Image Server] RGBD stream         image_server.py:1906
                         head_rgbd_camera waiting for                           
                         frames from                                            
                         head_camera/__head_rgbd_camera_dep                     
                         th (60/60).                                            
09:35:11.287656 WARNING  [Image Server] RGBD stream         image_server.py:1906
                         head_rgbd_camera waiting for                           
                         frames from                                            
                         head_camera/__head_rgbd_camera_dep                     
                         th (1/60).                                             
09:35:12.255553 WARNING  [Image Server] RGBD stream         image_server.py:1906
                         head_rgbd_camera waiting for                           
                         frames from                                            
                         head_camera/__head_rgbd_camera_dep                     
                         th (30/60).                                            
09:35:13.254342 WARNING  [Image Server] RGBD stream         image_server.py:1906
                         head_rgbd_camera waiting for                           
                         frames from                                            
                         head_camera/__head_rgbd_camera_dep                     
                         th (60/60).                                            
09:35:13.290119 WARNING  [Image Server] RGBD stream         image_server.py:1906
                         head_rgbd_camera waiting for                           
                         frames from                                            
                         head_camera/__head_rgbd_camera_dep                     
                         th (1/60).                                             
09:35:14.254344 WARNING  [Image Server] RGBD stream         image_server.py:1906
                         head_rgbd_camera waiting for                           
                         frames from                                            
                         head_camera/__head_rgbd_camera_dep                     
                         th (30/60).                                            
09:35:15.254378 WARNING  [Image Server] RGBD stream         image_server.py:1906
                         head_rgbd_camera waiting for                           
                         frames from                                            
                         head_camera/__head_rgbd_camera_dep                     
                         th (60/60).                                            
09:35:15.287665 WARNING  [Image Server] RGBD stream         image_server.py:1906
                         head_rgbd_camera waiting for                           
                         frames from                                            
                         head_camera/__head_rgbd_camera_dep                     
                         th (1/60).                                             
09:35:16.255543 WARNING  [Image Server] RGBD stream         image_server.py:1906
                         head_rgbd_camera waiting for                           
                         frames from                                            
                         head_camera/__head_rgbd_camera_dep                     
                         th (30/60).                                            
09:35:17.254347 WARNING  [Image Server] RGBD stream         image_server.py:1906
                         head_rgbd_camera waiting for                           
                         frames from                                            
                         head_camera/__head_rgbd_camera_dep                     
                         th (60/60).                                            
09:35:17.287640 WARNING  [Image Server] RGBD stream         image_server.py:1906
                         head_rgbd_camera waiting for                           
                         frames from                                            
                         head_camera/__head_rgbd_camera_dep                     
                         th (1/60).                                             
09:35:18.255415 WARNING  [Image Server] RGBD stream         image_server.py:1906
                         head_rgbd_camera waiting for                           
                         frames from                                            
                         head_camera/__head_rgbd_camera_dep                     
                         th (30/60).                                            
09:35:19.256070 WARNING  [Image Server] RGBD stream         image_server.py:1906
                         head_rgbd_camera waiting for                           
                         frames from                                            
                         head_camera/__head_rgbd_camera_dep                     
                         th (60/60).                                            
09:35:19.288653 WARNING  [Image Server] RGBD stream         image_server.py:1906
                         head_rgbd_camera waiting for                           
                         frames from                                            
                         head_camera/__head_rgbd_camera_dep                     
                         th (1/60).                                             
09:35:20.254344 WARNING  [Image Server] RGBD stream         image_server.py:1906
                         head_rgbd_camera waiting for                           
                         frames from                                            
                         head_camera/__head_rgbd_camera_dep                     
                         th (30/60).                                            
09:35:21.254366 WARNING  [Image Server] RGBD stream         image_server.py:1906
                         head_rgbd_camera waiting for                           
                         frames from                                            
                         head_camera/__head_rgbd_camera_dep                     
                         th (60/60).                                            
09:35:21.287659 WARNING  [Image Server] RGBD stream         image_server.py:1906
                         head_rgbd_camera waiting for                           
                         frames from                                            
                         head_camera/__head_rgbd_camera_dep                     
                         th (1/60).                                             
09:35:22.254387 WARNING  [Image Server] RGBD stream         image_server.py:1906
                         head_rgbd_camera waiting for                           
                         frames from                                            
                         head_camera/__head_rgbd_camera_dep                     
                         th (30/60).                                            
09:35:23.255327 WARNING  [Image Server] RGBD stream         image_server.py:1906
                         head_rgbd_camera waiting for                           
                         frames from                                            
                         head_camera/__head_rgbd_camera_dep                     
                         th (60/60).                                            
09:35:23.287684 WARNING  [Image Server] RGBD stream         image_server.py:1906
                         head_rgbd_camera waiting for                           
                         frames from                                            
                         head_camera/__head_rgbd_camera_dep                     
                         th (1/60).                                             
09:35:24.254371 WARNING  [Image Server] RGBD stream         image_server.py:1906
                         head_rgbd_camera waiting for                           
                         frames from                                            
                         head_camera/__head_rgbd_camera_dep                     
                         th (30/60).                                            
09:35:25.254352 WARNING  [Image Server] RGBD stream         image_server.py:1906
                         head_rgbd_camera waiting for                           
                         frames from                                            
                         head_camera/__head_rgbd_camera_dep                     
                         th (60/60).                                            
09:35:25.288584 WARNING  [Image Server] RGBD stream         image_server.py:1906
                         head_rgbd_camera waiting for                           
                         frames from                                            
                         head_camera/__head_rgbd_camera_dep                     
                         th (1/60).                                             
09:35:26.254311 WARNING  [Image Server] RGBD stream         image_server.py:1906
                         head_rgbd_camera waiting for                           
                         frames from                                            
                         head_camera/__head_rgbd_camera_dep                     
                         th (30/60).                                            
09:35:27.254386 WARNING  [Image Server] RGBD stream         image_server.py:1906
                         head_rgbd_camera waiting for                           
                         frames from                                            
                         head_camera/__head_rgbd_camera_dep                     
                         th (60/60).                                            
09:35:27.287659 WARNING  [Image Server] RGBD stream         image_server.py:1906
                         head_rgbd_camera waiting for                           
                         frames from                                            
                         head_camera/__head_rgbd_camera_dep                     
                         th (1/60).                                             
09:35:28.254379 WARNING  [Image Server] RGBD stream         image_server.py:1906
                         head_rgbd_camera waiting for                           
                         frames from                                            
                         head_camera/__head_rgbd_camera_dep                     
                         th (30/60).                                            
09:35:29.254365 WARNING  [Image Server] RGBD stream         image_server.py:1906
                         head_rgbd_camera waiting for                           
                         frames from                                            
                         head_camera/__head_rgbd_camera_dep                     
                         th (60/60).                                            
09:35:29.287639 WARNING  [Image Server] RGBD stream         image_server.py:1906
                         head_rgbd_camera waiting for                           
                         frames from                                            
                         head_camera/__head_rgbd_camera_dep                     
                         th (1/60).                                             
09:35:30.254344 WARNING  [Image Server] RGBD stream         image_server.py:1906
                         head_rgbd_camera waiting for                           
                         frames from                                            
                         head_camera/__head_rgbd_camera_dep                     
                         th (30/60).                                            
09:35:31.254329 WARNING  [Image Server] RGBD stream         image_server.py:1906
                         head_rgbd_camera waiting for                           
                         frames from                                            
                         head_camera/__head_rgbd_camera_dep                     
                         th (60/60).                                            
09:35:31.287638 WARNING  [Image Server] RGBD stream         image_server.py:1906
                         head_rgbd_camera waiting for                           
                         frames from                                            
                         head_camera/__head_rgbd_camera_dep                     
                         th (1/60).                                             
09:35:32.254316 WARNING  [Image Server] RGBD stream         image_server.py:1906
                         head_rgbd_camera waiting for                           
                         frames from                                            
                         head_camera/__head_rgbd_camera_dep                     
                         th (30/60).                                            
09:35:33.254358 WARNING  [Image Server] RGBD stream         image_server.py:1906
                         head_rgbd_camera waiting for                           
                         frames from                                            
                         head_camera/__head_rgbd_camera_dep                     
                         th (60/60).                                            
09:35:33.287664 WARNING  [Image Server] RGBD stream         image_server.py:1906
                         head_rgbd_camera waiting for                           
                         frames from                                            
                         head_camera/__head_rgbd_camera_dep                     
                         th (1/60).                                             
09:35:34.254354 WARNING  [Image Server] RGBD stream         image_server.py:1906
                         head_rgbd_camera waiting for                           
                         frames from                                            
                         head_camera/__head_rgbd_camera_dep                     
                         th (30/60).                                            
09:35:35.254385 WARNING  [Image Server] RGBD stream         image_server.py:1906
                         head_rgbd_camera waiting for                           
                         frames from                                            
                         head_camera/__head_rgbd_camera_dep                     
                         th (60/60).                                            
09:35:35.287693 WARNING  [Image Server] RGBD stream         image_server.py:1906
                         head_rgbd_camera waiting for                           
                         frames from                                            
                         head_camera/__head_rgbd_camera_dep                     
                         th (1/60).                                             
09:35:36.254366 WARNING  [Image Server] RGBD stream         image_server.py:1906
                         head_rgbd_camera waiting for                           
                         frames from                                            
                         head_camera/__head_rgbd_camera_dep                     
                         th (30/60).                                            
09:35:37.254327 WARNING  [Image Server] RGBD stream         image_server.py:1906
                         head_rgbd_camera waiting for                           
                         frames from                                            
                         head_camera/__head_rgbd_camera_dep                     
                         th (60/60).                                            
09:35:37.287716 WARNING  [Image Server] RGBD stream         image_server.py:1906
                         head_rgbd_camera waiting for                           
                         frames from                                            
                         head_camera/__head_rgbd_camera_dep                     
                         th (1/60).                                             
09:35:38.256607 WARNING  [Image Server] RGBD stream         image_server.py:1906
                         head_rgbd_camera waiting for                           
                         frames from                                            
                         head_camera/__head_rgbd_camera_dep                     
                         th (30/60).                                            
09:35:39.254331 WARNING  [Image Server] RGBD stream         image_server.py:1906
                         head_rgbd_camera waiting for                           
                         frames from                                            
                         head_camera/__head_rgbd_camera_dep                     
                         th (60/60).                                            
09:35:39.287697 WARNING  [Image Server] RGBD stream         image_server.py:1906
                         head_rgbd_camera waiting for                           
                         frames from                                            
                         head_camera/__head_rgbd_camera_dep                     
                         th (1/60).                                             
09:35:40.254311 WARNING  [Image Server] RGBD stream         image_server.py:1906
                         head_rgbd_camera waiting for                           
                         frames from                                            
                         head_camera/__head_rgbd_camera_dep                     
                         th (30/60).                                            
09:35:41.254359 WARNING  [Image Server] RGBD stream         image_server.py:1906
                         head_rgbd_camera waiting for                           
                         frames from                                            
                         head_camera/__head_rgbd_camera_dep                     
                         th (60/60).                                            
09:35:41.287641 WARNING  [Image Server] RGBD stream         image_server.py:1906
                         head_rgbd_camera waiting for                           
                         frames from                                            
                         head_camera/__head_rgbd_camera_dep                     
                         th (1/60).                                             
09:35:42.254372 WARNING  [Image Server] RGBD stream         image_server.py:1906
                         head_rgbd_camera waiting for                           
                         frames from                                            
                         head_camera/__head_rgbd_camera_dep                     
                         th (30/60).                                            
09:35:43.254362 WARNING  [Image Server] RGBD stream         image_server.py:1906
                         head_rgbd_camera waiting for                           
                         frames from                                            
                         head_camera/__head_rgbd_camera_dep                     
                         th (60/60).                                            
09:35:43.287723 WARNING  [Image Server] RGBD stream         image_server.py:1906
                         head_rgbd_camera waiting for                           
                         frames from                                            
                         head_camera/__head_rgbd_camera_dep                     
                         th (1/60).                                             
09:35:44.256401 WARNING  [Image Server] RGBD stream         image_server.py:1906
                         head_rgbd_camera waiting for                           
                         frames from                                            
                         head_camera/__head_rgbd_camera_dep                     
                         th (30/60).                                            
09:35:45.254633 WARNING  [Image Server] RGBD stream         image_server.py:1906
                         head_rgbd_camera waiting for                           
                         frames from                                            
                         head_camera/__head_rgbd_camera_dep                     
                         th (60/60).                                            
09:35:45.288590 WARNING  [Image Server] RGBD stream         image_server.py:1906
                         head_rgbd_camera waiting for                           
                         frames from                                            
                         head_camera/__head_rgbd_camera_dep                     
                         th (1/60).                                             
09:35:46.254376 WARNING  [Image Server] RGBD stream         image_server.py:1906
                         head_rgbd_camera waiting for                           
                         frames from                                            
                         head_camera/__head_rgbd_camera_dep                     
                         th (30/60).                                            
09:35:47.254385 WARNING  [Image Server] RGBD stream         image_server.py:1906
                         head_rgbd_camera waiting for                           
                         frames from                                            
                         head_camera/__head_rgbd_camera_dep                     
                         th (60/60).                                            
09:35:47.289565 WARNING  [Image Server] RGBD stream         image_server.py:1906
                         head_rgbd_camera waiting for                           
                         frames from                                            
                         head_camera/__head_rgbd_camera_dep                     
                         th (1/60).                                             
09:35:48.254323 WARNING  [Image Server] RGBD stream         image_server.py:1906
                         head_rgbd_camera waiting for                           
                         frames from                                            
                         head_camera/__head_rgbd_camera_dep                     
                         th (30/60).                                            
09:35:49.254341 WARNING  [Image Server] RGBD stream         image_server.py:1906
                         head_rgbd_camera waiting for                           
                         frames from                                            
                         head_camera/__head_rgbd_camera_dep                     
                         th (60/60).                                            
09:35:49.287683 WARNING  [Image Server] RGBD stream         image_server.py:1906
                         head_rgbd_camera waiting for                           
                         frames from                                            
                         head_camera/__head_rgbd_camera_dep                     
                         th (1/60).                                             
09:35:50.254408 WARNING  [Image Server] RGBD stream         image_server.py:1906
                         head_rgbd_camera waiting for                           
                         frames from                                            
                         head_camera/__head_rgbd_camera_dep                     
                         th (30/60).                                            
09:35:51.254311 WARNING  [Image Server] RGBD stream         image_server.py:1906
                         head_rgbd_camera waiting for                           
                         frames from                                            
                         head_camera/__head_rgbd_camera_dep                     
                         th (60/60).                                            
09:35:51.288696 WARNING  [Image Server] RGBD stream         image_server.py:1906
                         head_rgbd_camera waiting for                           
                         frames from                                            
                         head_camera/__head_rgbd_camera_dep                     
                         th (1/60).                                             
09:35:52.255894 WARNING  [Image Server] RGBD stream         image_server.py:1906
                         head_rgbd_camera waiting for                           
                         frames from                                            
                         head_camera/__head_rgbd_camera_dep                     
                         th (30/60).                                            
09:35:53.254400 WARNING  [Image Server] RGBD stream         image_server.py:1906
                         head_rgbd_camera waiting for                           
                         frames from                                            
                         head_camera/__head_rgbd_camera_dep                     
                         th (60/60).                                            
09:35:53.287702 WARNING  [Image Server] RGBD stream         image_server.py:1906
                         head_rgbd_camera waiting for                           
                         frames from                                            
                         head_camera/__head_rgbd_camera_dep                     
                         th (1/60).                                             
09:35:54.254348 WARNING  [Image Server] RGBD stream         image_server.py:1906
                         head_rgbd_camera waiting for                           
                         frames from                                            
                         head_camera/__head_rgbd_camera_dep                     
                         th (30/60).                                            
09:35:55.254367 WARNING  [Image Server] RGBD stream         image_server.py:1906
                         head_rgbd_camera waiting for                           
                         frames from                                            
                         head_camera/__head_rgbd_camera_dep                     
                         th (60/60).                                            
09:35:55.288349 WARNING  [Image Server] RGBD stream         image_server.py:1906
                         head_rgbd_camera waiting for                           
                         frames from                                            
                         head_camera/__head_rgbd_camera_dep                     
                         th (1/60).                                             
09:35:56.254367 WARNING  [Image Server] RGBD stream         image_server.py:1906
                         head_rgbd_camera waiting for                           
                         frames from                                            
                         head_camera/__head_rgbd_camera_dep                     
                         th (30/60).                                            
09:35:57.254367 WARNING  [Image Server] RGBD stream         image_server.py:1906
                         head_rgbd_camera waiting for                           
                         frames from                                            
                         head_camera/__head_rgbd_camera_dep                     
                         th (60/60).                                            
09:35:57.288233 WARNING  [Image Server] RGBD stream         image_server.py:1906
                         head_rgbd_camera waiting for                           
                         frames from                                            
                         head_camera/__head_rgbd_camera_dep                     
                         th (1/60).                                             
09:35:58.255414 WARNING  [Image Server] RGBD stream         image_server.py:1906
                         head_rgbd_camera waiting for                           
                         frames from                                            
                         head_camera/__head_rgbd_camera_dep                     
                         th (30/60).                                            
09:35:59.258881 WARNING  [Image Server] RGBD stream         image_server.py:1906
                         head_rgbd_camera waiting for                           
                         frames from                                            
                         head_camera/__head_rgbd_camera_dep                     
                         th (60/60).                                            
09:35:59.288412 WARNING  [Image Server] RGBD stream         image_server.py:1906
                         head_rgbd_camera waiting for                           
                         frames from                                            
                         head_camera/__head_rgbd_camera_dep                     
                         th (1/60).                                             
09:36:00.254400 WARNING  [Image Server] RGBD stream         image_server.py:1906
                         head_rgbd_camera waiting for                           
                         frames from                                            
                         head_camera/__head_rgbd_camera_dep                     
                         th (30/60).                                            
09:36:01.254553 WARNING  [Image Server] RGBD stream         image_server.py:1906
                         head_rgbd_camera waiting for                           
                         frames from                                            
                         head_camera/__head_rgbd_camera_dep                     
                         th (60/60).                                            
09:36:01.288472 WARNING  [Image Server] RGBD stream         image_server.py:1906
                         head_rgbd_camera waiting for                           
                         frames from                                            
                         head_camera/__head_rgbd_camera_dep                     
                         th (1/60).                                             
09:36:02.254992 WARNING  [Image Server] RGBD stream         image_server.py:1906
                         head_rgbd_camera waiting for                           
                         frames from                                            
                         head_camera/__head_rgbd_camera_dep                     
                         th (30/60).                                            
09:36:03.254367 WARNING  [Image Server] RGBD stream         image_server.py:1906
                         head_rgbd_camera waiting for                           
                         frames from                                            
                         head_camera/__head_rgbd_camera_dep                     
                         th (60/60).                                            
09:36:03.287821 WARNING  [Image Server] RGBD stream         image_server.py:1906
                         head_rgbd_camera waiting for                           
                         frames from                                            
                         head_camera/__head_rgbd_camera_dep                     
                         th (1/60).                                             
09:36:04.255523 WARNING  [Image Server] RGBD stream         image_server.py:1906
                         head_rgbd_camera waiting for                           
                         frames from                                            
                         head_camera/__head_rgbd_camera_dep                     
                         th (30/60).                                            
09:36:05.257230 WARNING  [Image Server] RGBD stream         image_server.py:1906
                         head_rgbd_camera waiting for                           
                         frames from                                            
                         head_camera/__head_rgbd_camera_dep                     
                         th (60/60).                                            
09:36:05.287783 WARNING  [Image Server] RGBD stream         image_server.py:1906
                         head_rgbd_camera waiting for                           
                         frames from                                            
                         head_camera/__head_rgbd_camera_dep                     
                         th (1/60).                                             
09:36:06.254378 WARNING  [Image Server] RGBD stream         image_server.py:1906
                         head_rgbd_camera waiting for                           
                         frames from                                            
                         head_camera/__head_rgbd_camera_dep                     
                         th (30/60).                                            
09:36:07.254337 WARNING  [Image Server] RGBD stream         image_server.py:1906
                         head_rgbd_camera waiting for                           
                         frames from                                            
                         head_camera/__head_rgbd_camera_dep                     
                         th (60/60).                                            
09:36:07.287661 WARNING  [Image Server] RGBD stream         image_server.py:1906
                         head_rgbd_camera waiting for                           
                         frames from                                            
                         head_camera/__head_rgbd_camera_dep                     
                         th (1/60).                                             
09:36:08.254334 WARNING  [Image Server] RGBD stream         image_server.py:1906
                         head_rgbd_camera waiting for                           
                         frames from                                            
                         head_camera/__head_rgbd_camera_dep                     
                         th (30/60).                                            
09:36:09.254355 WARNING  [Image Server] RGBD stream         image_server.py:1906
                         head_rgbd_camera waiting for                           
                         frames from                                            
                         head_camera/__head_rgbd_camera_dep                     
                         th (60/60).                                            
09:36:09.287679 WARNING  [Image Server] RGBD stream         image_server.py:1906
                         head_rgbd_camera waiting for                           
                         frames from                                            
                         head_camera/__head_rgbd_camera_dep                     
                         th (1/60).                                             
09:36:10.254441 WARNING  [Image Server] RGBD stream         image_server.py:1906
                         head_rgbd_camera waiting for                           
                         frames from                                            
                         head_camera/__head_rgbd_camera_dep                     
                         th (30/60).                                            
09:36:11.254366 WARNING  [Image Server] RGBD stream         image_server.py:1906
                         head_rgbd_camera waiting for                           
                         frames from                                            
                         head_camera/__head_rgbd_camera_dep                     
                         th (60/60).                                            
09:36:11.290309 WARNING  [Image Server] RGBD stream         image_server.py:1906
                         head_rgbd_camera waiting for                           
                         frames from                                            
                         head_camera/__head_rgbd_camera_dep                     
                         th (1/60).                                             
09:36:12.254923 WARNING  [Image Server] RGBD stream         image_server.py:1906
                         head_rgbd_camera waiting for                           
                         frames from                                            
                         head_camera/__head_rgbd_camera_dep                     
                         th (30/60).                                            
09:36:13.255398 WARNING  [Image Server] RGBD stream         image_server.py:1906
                         head_rgbd_camera waiting for                           
                         frames from                                            
                         head_camera/__head_rgbd_camera_dep                     
                         th (60/60).                                            
09:36:13.288562 WARNING  [Image Server] RGBD stream         image_server.py:1906
                         head_rgbd_camera waiting for                           
                         frames from                                            
                         head_camera/__head_rgbd_camera_dep                     
                         th (1/60).                                             
09:36:14.254391 WARNING  [Image Server] RGBD stream         image_server.py:1906
                         head_rgbd_camera waiting for                           
                         frames from                                            
                         head_camera/__head_rgbd_camera_dep                     
                         th (30/60).                                            
09:36:15.254386 WARNING  [Image Server] RGBD stream         image_server.py:1906
                         head_rgbd_camera waiting for                           
                         frames from                                            
                         head_camera/__head_rgbd_camera_dep                     
                         th (60/60).                                            
09:36:15.287677 WARNING  [Image Server] RGBD stream         image_server.py:1906
                         head_rgbd_camera waiting for                           
                         frames from                                            
                         head_camera/__head_rgbd_camera_dep                     
                         th (1/60).                                             
09:36:16.254309 WARNING  [Image Server] RGBD stream         image_server.py:1906
                         head_rgbd_camera waiting for                           
                         frames from                                            
                         head_camera/__head_rgbd_camera_dep                     
                         th (30/60).                                            
09:36:17.254375 WARNING  [Image Server] RGBD stream         image_server.py:1906
                         head_rgbd_camera waiting for                           
                         frames from                                            
                         head_camera/__head_rgbd_camera_dep                     
                         th (60/60).                                            
09:36:17.287706 WARNING  [Image Server] RGBD stream         image_server.py:1906
                         head_rgbd_camera waiting for                           
                         frames from                                            
                         head_camera/__head_rgbd_camera_dep                     
                         th (1/60).                                             
09:36:18.254358 WARNING  [Image Server] RGBD stream         image_server.py:1906
                         head_rgbd_camera waiting for                           
                         frames from                                            
                         head_camera/__head_rgbd_camera_dep                     
                         th (30/60).                                            
09:36:19.254371 WARNING  [Image Server] RGBD stream         image_server.py:1906
                         head_rgbd_camera waiting for                           
                         frames from                                            
                         head_camera/__head_rgbd_camera_dep                     
                         th (60/60).                                            
09:36:19.289268 WARNING  [Image Server] RGBD stream         image_server.py:1906
                         head_rgbd_camera waiting for                           
                         frames from                                            
                         head_camera/__head_rgbd_camera_dep                     
                         th (1/60).                                             
09:36:20.256463 WARNING  [Image Server] RGBD stream         image_server.py:1906
                         head_rgbd_camera waiting for                           
                         frames from                                            
                         head_camera/__head_rgbd_camera_dep                     
                         th (30/60).                                            
09:36:21.254335 WARNING  [Image Server] RGBD stream         image_server.py:1906
                         head_rgbd_camera waiting for                           
                         frames from                                            
                         head_camera/__head_rgbd_camera_dep                     
                         th (60/60).                                            
09:36:21.288092 WARNING  [Image Server] RGBD stream         image_server.py:1906
                         head_rgbd_camera waiting for                           
                         frames from                                            
                         head_camera/__head_rgbd_camera_dep                     
                         th (1/60).                                             
09:36:22.255769 WARNING  [Image Server] RGBD stream         image_server.py:1906
                         head_rgbd_camera waiting for                           
                         frames from                                            
                         head_camera/__head_rgbd_camera_dep                     
                         th (30/60).                                            
09:36:23.254373 WARNING  [Image Server] RGBD stream         image_server.py:1906
                         head_rgbd_camera waiting for                           
                         frames from                                            
                         head_camera/__head_rgbd_camera_dep                     
                         th (60/60).                                            
09:36:23.287653 WARNING  [Image Server] RGBD stream         image_server.py:1906
                         head_rgbd_camera waiting for                           
                         frames from                                            
                         head_camera/__head_rgbd_camera_dep                     
                         th (1/60).                                             
09:36:24.254671 WARNING  [Image Server] RGBD stream         image_server.py:1906
                         head_rgbd_camera waiting for                           
                         frames from                                            
                         head_camera/__head_rgbd_camera_dep                     
                         th (30/60).                                            
09:36:25.254490 WARNING  [Image Server] RGBD stream         image_server.py:1906
                         head_rgbd_camera waiting for                           
                         frames from                                            
                         head_camera/__head_rgbd_camera_dep                     
                         th (60/60).                                            
09:36:25.287672 WARNING  [Image Server] RGBD stream         image_server.py:1906
                         head_rgbd_camera waiting for                           
                         frames from                                            
                         head_camera/__head_rgbd_camera_dep                     
                         th (1/60).                                             
09:36:26.254592 WARNING  [Image Server] RGBD stream         image_server.py:1906
                         head_rgbd_camera waiting for                           
                         frames from                                            
                         head_camera/__head_rgbd_camera_dep                     
                         th (30/60).                                            
09:36:27.254344 WARNING  [Image Server] RGBD stream         image_server.py:1906
                         head_rgbd_camera waiting for                           
                         frames from                                            
                         head_camera/__head_rgbd_camera_dep                     
                         th (60/60).                                            
09:36:27.289924 WARNING  [Image Server] RGBD stream         image_server.py:1906
                         head_rgbd_camera waiting for                           
                         frames from                                            
                         head_camera/__head_rgbd_camera_dep                     
                         th (1/60).                                             
09:36:28.255681 WARNING  [Image Server] RGBD stream         image_server.py:1906
                         head_rgbd_camera waiting for                           
                         frames from                                            
                         head_camera/__head_rgbd_camera_dep                     
                         th (30/60).                                            
09:36:29.254995 WARNING  [Image Server] RGBD stream         image_server.py:1906
                         head_rgbd_camera waiting for                           
                         frames from                                            
                         head_camera/__head_rgbd_camera_dep                     
                         th (60/60).                                            
09:36:29.290532 WARNING  [Image Server] RGBD stream         image_server.py:1906
                         head_rgbd_camera waiting for                           
                         frames from                                            
                         head_camera/__head_rgbd_camera_dep                     
                         th (1/60).                                             
09:36:30.254360 WARNING  [Image Server] RGBD stream         image_server.py:1906
                         head_rgbd_camera waiting for                           
                         frames from                                            
                         head_camera/__head_rgbd_camera_dep                     
                         th (30/60).                                            
09:36:31.255306 WARNING  [Image Server] RGBD stream         image_server.py:1906
                         head_rgbd_camera waiting for                           
                         frames from                                            
                         head_camera/__head_rgbd_camera_dep                     
                         th (60/60).                                            
09:36:31.289648 WARNING  [Image Server] RGBD stream         image_server.py:1906
                         head_rgbd_camera waiting for                           
                         frames from                                            
                         head_camera/__head_rgbd_camera_dep                     
                         th (1/60).                                             
09:36:32.254367 WARNING  [Image Server] RGBD stream         image_server.py:1906
                         head_rgbd_camera waiting for                           
                         frames from                                            
                         head_camera/__head_rgbd_camera_dep                     
                         th (30/60).                                            
09:36:33.254326 WARNING  [Image Server] RGBD stream         image_server.py:1906
                         head_rgbd_camera waiting for                           
                         frames from                                            
                         head_camera/__head_rgbd_camera_dep                     
                         th (60/60).                                            
09:36:33.287706 WARNING  [Image Server] RGBD stream         image_server.py:1906
                         head_rgbd_camera waiting for                           
                         frames from                                            
                         head_camera/__head_rgbd_camera_dep                     
                         th (1/60).                                             
09:36:34.254383 WARNING  [Image Server] RGBD stream         image_server.py:1906
                         head_rgbd_camera waiting for                           
                         frames from                                            
                         head_camera/__head_rgbd_camera_dep                     
                         th (30/60).                                            
09:36:35.254363 WARNING  [Image Server] RGBD stream         image_server.py:1906
                         head_rgbd_camera waiting for                           
                         frames from                                            
                         head_camera/__head_rgbd_camera_dep                     
                         th (60/60).                                            
09:36:35.288798 WARNING  [Image Server] RGBD stream         image_server.py:1906
                         head_rgbd_camera waiting for                           
                         frames from                                            
                         head_camera/__head_rgbd_camera_dep                     
                         th (1/60).                                             
09:36:36.254357 WARNING  [Image Server] RGBD stream         image_server.py:1906
                         head_rgbd_camera waiting for                           
                         frames from                                            
                         head_camera/__head_rgbd_camera_dep                     
                         th (30/60).                                            
09:36:37.254358 WARNING  [Image Server] RGBD stream         image_server.py:1906
                         head_rgbd_camera waiting for                           
                         frames from                                            
                         head_camera/__head_rgbd_camera_dep                     
                         th (60/60).                                            
09:36:37.287695 WARNING  [Image Server] RGBD stream         image_server.py:1906
                         head_rgbd_camera waiting for                           
                         frames from                                            
                         head_camera/__head_rgbd_camera_dep                     
                         th (1/60).                                             
09:36:38.254352 WARNING  [Image Server] RGBD stream         image_server.py:1906
                         head_rgbd_camera waiting for                           
                         frames from                                            
                         head_camera/__head_rgbd_camera_dep                     
                         th (30/60).                                            
09:36:39.254339 WARNING  [Image Server] RGBD stream         image_server.py:1906
                         head_rgbd_camera waiting for                           
                         frames from                                            
                         head_camera/__head_rgbd_camera_dep                     
                         th (60/60).                                            
09:36:39.288408 WARNING  [Image Server] RGBD stream         image_server.py:1906
                         head_rgbd_camera waiting for                           
                         frames from                                            
                         head_camera/__head_rgbd_camera_dep                     
                         th (1/60).                                             
09:36:40.254604 WARNING  [Image Server] RGBD stream         image_server.py:1906
                         head_rgbd_camera waiting for                           
                         frames from                                            
                         head_camera/__head_rgbd_camera_dep                     
                         th (30/60).                                            
09:36:41.254354 WARNING  [Image Server] RGBD stream         image_server.py:1906
                         head_rgbd_camera waiting for                           
                         frames from                                            
                         head_camera/__head_rgbd_camera_dep                     
                         th (60/60).                                            
09:36:41.287692 WARNING  [Image Server] RGBD stream         image_server.py:1906
                         head_rgbd_camera waiting for                           
                         frames from                                            
                         head_camera/__head_rgbd_camera_dep                     
                         th (1/60).                                             
09:36:42.254309 WARNING  [Image Server] RGBD stream         image_server.py:1906
                         head_rgbd_camera waiting for                           
                         frames from                                            
                         head_camera/__head_rgbd_camera_dep                     
                         th (30/60).                                            
09:36:43.256575 WARNING  [Image Server] RGBD stream         image_server.py:1906
                         head_rgbd_camera waiting for                           
                         frames from                                            
                         head_camera/__head_rgbd_camera_dep                     
                         th (60/60).                                            
09:36:43.287695 WARNING  [Image Server] RGBD stream         image_server.py:1906
                         head_rgbd_camera waiting for                           
                         frames from                                            
                         head_camera/__head_rgbd_camera_dep                     
                         th (1/60).                                             
09:36:44.255328 WARNING  [Image Server] RGBD stream         image_server.py:1906
                         head_rgbd_camera waiting for                           
                         frames from                                            
                         head_camera/__head_rgbd_camera_dep                     
                         th (30/60).                                            
09:36:45.254349 WARNING  [Image Server] RGBD stream         image_server.py:1906
                         head_rgbd_camera waiting for                           
                         frames from                                            
                         head_camera/__head_rgbd_camera_dep                     
                         th (60/60).                                            
09:36:45.287674 WARNING  [Image Server] RGBD stream         image_server.py:1906
                         head_rgbd_camera waiting for                           
                         frames from                                            
                         head_camera/__head_rgbd_camera_dep                     
                         th (1/60).                                             
09:36:46.254359 WARNING  [Image Server] RGBD stream         image_server.py:1906
                         head_rgbd_camera waiting for                           
                         frames from                                            
                         head_camera/__head_rgbd_camera_dep                     
                         th (30/60).                                            
09:36:47.254343 WARNING  [Image Server] RGBD stream         image_server.py:1906
                         head_rgbd_camera waiting for                           
                         frames from                                            
                         head_camera/__head_rgbd_camera_dep                     
                         th (60/60).                                            
09:36:47.288527 WARNING  [Image Server] RGBD stream         image_server.py:1906
                         head_rgbd_camera waiting for                           
                         frames from                                            
                         head_camera/__head_rgbd_camera_dep                     
                         th (1/60).                                             
09:36:48.254334 WARNING  [Image Server] RGBD stream         image_server.py:1906
                         head_rgbd_camera waiting for                           
                         frames from                                            
                         head_camera/__head_rgbd_camera_dep                     
                         th (30/60).                                            
09:36:49.255425 WARNING  [Image Server] RGBD stream         image_server.py:1906
                         head_rgbd_camera waiting for                           
                         frames from                                            
                         head_camera/__head_rgbd_camera_dep                     
                         th (60/60).                                            
09:36:49.287635 WARNING  [Image Server] RGBD stream         image_server.py:1906
                         head_rgbd_camera waiting for                           
                         frames from                                            
                         head_camera/__head_rgbd_camera_dep                     
                         th (1/60).                                             
09:36:50.254309 WARNING  [Image Server] RGBD stream         image_server.py:1906
                         head_rgbd_camera waiting for                           
                         frames from                                            
                         head_camera/__head_rgbd_camera_dep                     
                         th (30/60).                                            
09:36:51.256011 WARNING  [Image Server] RGBD stream         image_server.py:1906
                         head_rgbd_camera waiting for                           
                         frames from                                            
                         head_camera/__head_rgbd_camera_dep                     
                         th (60/60).                                            
09:36:51.288201 WARNING  [Image Server] RGBD stream         image_server.py:1906
                         head_rgbd_camera waiting for                           
                         frames from                                            
                         head_camera/__head_rgbd_camera_dep                     
                         th (1/60).                                             
09:36:52.254375 WARNING  [Image Server] RGBD stream         image_server.py:1906
                         head_rgbd_camera waiting for                           
                         frames from                                            
                         head_camera/__head_rgbd_camera_dep                     
                         th (30/60).                                            
09:36:53.254334 WARNING  [Image Server] RGBD stream         image_server.py:1906
                         head_rgbd_camera waiting for                           
                         frames from                                            
                         head_camera/__head_rgbd_camera_dep                     
                         th (60/60).                                            
09:36:53.287709 WARNING  [Image Server] RGBD stream         image_server.py:1906
                         head_rgbd_camera waiting for                           
                         frames from                                            
                         head_camera/__head_rgbd_camera_dep                     
                         th (1/60).                                             
09:36:54.254480 WARNING  [Image Server] RGBD stream         image_server.py:1906
                         head_rgbd_camera waiting for                           
                         frames from                                            
                         head_camera/__head_rgbd_camera_dep                     
                         th (30/60).                                            
09:36:55.254334 WARNING  [Image Server] RGBD stream         image_server.py:1906
                         head_rgbd_camera waiting for                           
                         frames from                                            
                         head_camera/__head_rgbd_camera_dep                     
                         th (60/60).                                            
09:36:55.287715 WARNING  [Image Server] RGBD stream         image_server.py:1906
                         head_rgbd_camera waiting for                           
                         frames from                                            
                         head_camera/__head_rgbd_camera_dep                     
                         th (1/60).                                             
09:36:56.254312 WARNING  [Image Server] RGBD stream         image_server.py:1906
                         head_rgbd_camera waiting for                           
                         frames from                                            
                         head_camera/__head_rgbd_camera_dep                     
                         th (30/60).                                            
09:36:57.254323 WARNING  [Image Server] RGBD stream         image_server.py:1906
                         head_rgbd_camera waiting for                           
                         frames from                                            
                         head_camera/__head_rgbd_camera_dep                     
                         th (60/60).                                            
09:36:57.287647 WARNING  [Image Server] RGBD stream         image_server.py:1906
                         head_rgbd_camera waiting for                           
                         frames from                                            
                         head_camera/__head_rgbd_camera_dep                     
                         th (1/60).                                             
09:36:58.254323 WARNING  [Image Server] RGBD stream         image_server.py:1906
                         head_rgbd_camera waiting for                           
                         frames from                                            
                         head_camera/__head_rgbd_camera_dep                     
                         th (30/60).                                            
09:36:59.254351 WARNING  [Image Server] RGBD stream         image_server.py:1906
                         head_rgbd_camera waiting for                           
                         frames from                                            
                         head_camera/__head_rgbd_camera_dep                     
                         th (60/60).                                            
09:36:59.287663 WARNING  [Image Server] RGBD stream         image_server.py:1906
                         head_rgbd_camera waiting for                           
                         frames from                                            
                         head_camera/__head_rgbd_camera_dep                     
                         th (1/60).                                             
09:37:00.254587 WARNING  [Image Server] RGBD stream         image_server.py:1906
                         head_rgbd_camera waiting for                           
                         frames from                                            
                         head_camera/__head_rgbd_camera_dep                     
                         th (30/60).                                            
09:37:01.254826 WARNING  [Image Server] RGBD stream         image_server.py:1906
                         head_rgbd_camera waiting for                           
                         frames from                                            
                         head_camera/__head_rgbd_camera_dep                     
                         th (60/60).                                            
09:37:01.288491 WARNING  [Image Server] RGBD stream         image_server.py:1906
                         head_rgbd_camera waiting for                           
                         frames from                                            
                         head_camera/__head_rgbd_camera_dep                     
                         th (1/60).                                             
09:37:02.254760 WARNING  [Image Server] RGBD stream         image_server.py:1906
                         head_rgbd_camera waiting for                           
                         frames from                                            
                         head_camera/__head_rgbd_camera_dep                     
                         th (30/60).                                            
09:37:03.254353 WARNING  [Image Server] RGBD stream         image_server.py:1906
                         head_rgbd_camera waiting for                           
                         frames from                                            
                         head_camera/__head_rgbd_camera_dep                     
                         th (60/60).                                            
09:37:03.289140 WARNING  [Image Server] RGBD stream         image_server.py:1906
                         head_rgbd_camera waiting for                           
                         frames from                                            
                         head_camera/__head_rgbd_camera_dep                     
                         th (1/60).                                             
09:37:04.255979 WARNING  [Image Server] RGBD stream         image_server.py:1906
                         head_rgbd_camera waiting for                           
                         frames from                                            
                         head_camera/__head_rgbd_camera_dep                     
                         th (30/60).                                            
09:37:05.254402 WARNING  [Image Server] RGBD stream         image_server.py:1906
                         head_rgbd_camera waiting for                           
                         frames from                                            
                         head_camera/__head_rgbd_camera_dep                     
                         th (60/60).                                            
09:37:05.287659 WARNING  [Image Server] RGBD stream         image_server.py:1906
                         head_rgbd_camera waiting for                           
                         frames from                                            
                         head_camera/__head_rgbd_camera_dep                     
                         th (1/60).                                             
09:37:06.254380 WARNING  [Image Server] RGBD stream         image_server.py:1906
                         head_rgbd_camera waiting for                           
                         frames from                                            
                         head_camera/__head_rgbd_camera_dep                     
                         th (30/60).                                            
09:37:07.254349 WARNING  [Image Server] RGBD stream         image_server.py:1906
                         head_rgbd_camera waiting for                           
                         frames from                                            
                         head_camera/__head_rgbd_camera_dep                     
                         th (60/60).                                            
09:37:07.287691 WARNING  [Image Server] RGBD stream         image_server.py:1906
                         head_rgbd_camera waiting for                           
                         frames from                                            
                         head_camera/__head_rgbd_camera_dep                     
                         th (1/60).                                             
09:37:08.254443 WARNING  [Image Server] RGBD stream         image_server.py:1906
                         head_rgbd_camera waiting for                           
                         frames from                                            
                         head_camera/__head_rgbd_camera_dep                     
                         th (30/60).                                            
09:37:09.254408 WARNING  [Image Server] RGBD stream         image_server.py:1906
                         head_rgbd_camera waiting for                           
                         frames from                                            
                         head_camera/__head_rgbd_camera_dep                     
                         th (60/60).                                            
09:37:09.287688 WARNING  [Image Server] RGBD stream         image_server.py:1906
                         head_rgbd_camera waiting for                           
                         frames from                                            
                         head_camera/__head_rgbd_camera_dep                     
                         th (1/60).                                             
09:37:10.257909 WARNING  [Image Server] RGBD stream         image_server.py:1906
                         head_rgbd_camera waiting for                           
                         frames from                                            
                         head_camera/__head_rgbd_camera_dep                     
                         th (30/60).                                            
09:37:11.254411 WARNING  [Image Server] RGBD stream         image_server.py:1906
                         head_rgbd_camera waiting for                           
                         frames from                                            
                         head_camera/__head_rgbd_camera_dep                     
                         th (60/60).                                            
09:37:11.287673 WARNING  [Image Server] RGBD stream         image_server.py:1906
                         head_rgbd_camera waiting for                           
                         frames from                                            
                         head_camera/__head_rgbd_camera_dep                     
                         th (1/60).                                             
09:37:12.254415 WARNING  [Image Server] RGBD stream         image_server.py:1906
                         head_rgbd_camera waiting for                           
                         frames from                                            
                         head_camera/__head_rgbd_camera_dep                     
                         th (30/60).                                            
09:37:13.254377 WARNING  [Image Server] RGBD stream         image_server.py:1906
                         head_rgbd_camera waiting for                           
                         frames from                                            
                         head_camera/__head_rgbd_camera_dep                     
                         th (60/60).                                            
09:37:13.287668 WARNING  [Image Server] RGBD stream         image_server.py:1906
                         head_rgbd_camera waiting for                           
                         frames from                                            
                         head_camera/__head_rgbd_camera_dep                     
                         th (1/60).                                             
09:37:14.254345 WARNING  [Image Server] RGBD stream         image_server.py:1906
                         head_rgbd_camera waiting for                           
                         frames from                                            
                         head_camera/__head_rgbd_camera_dep                     
                         th (30/60).                                            
09:37:15.254358 WARNING  [Image Server] RGBD stream         image_server.py:1906
                         head_rgbd_camera waiting for                           
                         frames from                                            
                         head_camera/__head_rgbd_camera_dep                     
                         th (60/60).                                            
09:37:15.287696 WARNING  [Image Server] RGBD stream         image_server.py:1906
                         head_rgbd_camera waiting for                           
                         frames from                                            
                         head_camera/__head_rgbd_camera_dep                     
                         th (1/60).                                             
09:37:16.255526 WARNING  [Image Server] RGBD stream         image_server.py:1906
                         head_rgbd_camera waiting for                           
                         frames from                                            
                         head_camera/__head_rgbd_camera_dep                     
                         th (30/60).                                            
09:37:17.255715 WARNING  [Image Server] RGBD stream         image_server.py:1906
                         head_rgbd_camera waiting for                           
                         frames from                                            
                         head_camera/__head_rgbd_camera_dep                     
                         th (60/60).                                            
09:37:17.287650 WARNING  [Image Server] RGBD stream         image_server.py:1906
                         head_rgbd_camera waiting for                           
                         frames from                                            
                         head_camera/__head_rgbd_camera_dep                     
                         th (1/60).                                             
09:37:18.254395 WARNING  [Image Server] RGBD stream         image_server.py:1906
                         head_rgbd_camera waiting for                           
                         frames from                                            
                         head_camera/__head_rgbd_camera_dep                     
                         th (30/60).                                            
09:37:19.254443 WARNING  [Image Server] RGBD stream         image_server.py:1906
                         head_rgbd_camera waiting for                           
                         frames from                                            
                         head_camera/__head_rgbd_camera_dep                     
                         th (60/60).                                            
09:37:19.287698 WARNING  [Image Server] RGBD stream         image_server.py:1906
                         head_rgbd_camera waiting for                           
                         frames from                                            
                         head_camera/__head_rgbd_camera_dep                     
                         th (1/60).                                             
09:37:20.256207 WARNING  [Image Server] RGBD stream         image_server.py:1906
                         head_rgbd_camera waiting for                           
                         frames from                                            
                         head_camera/__head_rgbd_camera_dep                     
                         th (30/60).                                            
09:37:21.255277 WARNING  [Image Server] RGBD stream         image_server.py:1906
                         head_rgbd_camera waiting for                           
                         frames from                                            
                         head_camera/__head_rgbd_camera_dep                     
                         th (60/60).                                            
09:37:21.288531 WARNING  [Image Server] RGBD stream         image_server.py:1906
                         head_rgbd_camera waiting for                           
                         frames from                                            
                         head_camera/__head_rgbd_camera_dep                     
                         th (1/60).                                             
09:37:22.254410 WARNING  [Image Server] RGBD stream         image_server.py:1906
                         head_rgbd_camera waiting for                           
                         frames from                                            
                         head_camera/__head_rgbd_camera_dep                     
                         th (30/60).                                            
09:37:23.254417 WARNING  [Image Server] RGBD stream         image_server.py:1906
                         head_rgbd_camera waiting for                           
                         frames from                                            
                         head_camera/__head_rgbd_camera_dep                     
                         th (60/60).                                            
09:37:23.287669 WARNING  [Image Server] RGBD stream         image_server.py:1906
                         head_rgbd_camera waiting for                           
                         frames from                                            
                         head_camera/__head_rgbd_camera_dep                     
                         th (1/60).                                             
09:37:24.256062 WARNING  [Image Server] RGBD stream         image_server.py:1906
                         head_rgbd_camera waiting for                           
                         frames from                                            
                         head_camera/__head_rgbd_camera_dep                     
                         th (30/60).                                            
09:37:25.256809 WARNING  [Image Server] RGBD stream         image_server.py:1906
                         head_rgbd_camera waiting for                           
                         frames from                                            
                         head_camera/__head_rgbd_camera_dep                     
                         th (60/60).                                            
09:37:25.289578 WARNING  [Image Server] RGBD stream         image_server.py:1906
                         head_rgbd_camera waiting for                           
                         frames from                                            
                         head_camera/__head_rgbd_camera_dep                     
                         th (1/60).                                             
09:37:26.254396 WARNING  [Image Server] RGBD stream         image_server.py:1906
                         head_rgbd_camera waiting for                           
                         frames from                                            
                         head_camera/__head_rgbd_camera_dep                     
                         th (30/60).                                            
09:37:27.254439 WARNING  [Image Server] RGBD stream         image_server.py:1906
                         head_rgbd_camera waiting for                           
                         frames from                                            
                         head_camera/__head_rgbd_camera_dep                     
                         th (60/60).                                            
09:37:27.287670 WARNING  [Image Server] RGBD stream         image_server.py:1906
                         head_rgbd_camera waiting for                           
                         frames from                                            
                         head_camera/__head_rgbd_camera_dep                     
                         th (1/60).                                             
09:37:28.254396 WARNING  [Image Server] RGBD stream         image_server.py:1906
                         head_rgbd_camera waiting for                           
                         frames from                                            
                         head_camera/__head_rgbd_camera_dep                     
                         th (30/60).                                            
09:37:29.254371 WARNING  [Image Server] RGBD stream         image_server.py:1906
                         head_rgbd_camera waiting for                           
                         frames from                                            
                         head_camera/__head_rgbd_camera_dep                     
                         th (60/60).                                            
09:37:29.290191 WARNING  [Image Server] RGBD stream         image_server.py:1906
                         head_rgbd_camera waiting for                           
                         frames from                                            
                         head_camera/__head_rgbd_camera_dep                     
                         th (1/60).                                             
09:37:30.254415 WARNING  [Image Server] RGBD stream         image_server.py:1906
                         head_rgbd_camera waiting for                           
                         frames from                                            
                         head_camera/__head_rgbd_camera_dep                     
                         th (30/60).                                            
09:37:31.257607 WARNING  [Image Server] RGBD stream         image_server.py:1906
                         head_rgbd_camera waiting for                           
                         frames from                                            
                         head_camera/__head_rgbd_camera_dep                     
                         th (60/60).                                            
09:37:31.287901 WARNING  [Image Server] RGBD stream         image_server.py:1906
                         head_rgbd_camera waiting for                           
                         frames from                                            
                         head_camera/__head_rgbd_camera_dep                     
                         th (1/60).                                             
09:37:32.254343 WARNING  [Image Server] RGBD stream         image_server.py:1906
                         head_rgbd_camera waiting for                           
                         frames from                                            
                         head_camera/__head_rgbd_camera_dep                     
                         th (30/60).                                            
09:37:33.254382 WARNING  [Image Server] RGBD stream         image_server.py:1906
                         head_rgbd_camera waiting for                           
                         frames from                                            
                         head_camera/__head_rgbd_camera_dep                     
                         th (60/60).                                            
09:37:33.288721 WARNING  [Image Server] RGBD stream         image_server.py:1906
                         head_rgbd_camera waiting for                           
                         frames from                                            
                         head_camera/__head_rgbd_camera_dep                     
                         th (1/60).                                             
09:37:34.255984 WARNING  [Image Server] RGBD stream         image_server.py:1906
                         head_rgbd_camera waiting for                           
                         frames from                                            
                         head_camera/__head_rgbd_camera_dep                     
                         th (30/60).                                            
09:37:35.254424 WARNING  [Image Server] RGBD stream         image_server.py:1906
                         head_rgbd_camera waiting for                           
                         frames from                                            
                         head_camera/__head_rgbd_camera_dep                     
                         th (60/60).                                            
09:37:35.288503 WARNING  [Image Server] RGBD stream         image_server.py:1906
                         head_rgbd_camera waiting for                           
                         frames from                                            
                         head_camera/__head_rgbd_camera_dep                     
                         th (1/60).                                             
09:37:36.256753 WARNING  [Image Server] RGBD stream         image_server.py:1906
                         head_rgbd_camera waiting for                           
                         frames from                                            
                         head_camera/__head_rgbd_camera_dep                     
                         th (30/60).                                            
09:37:37.254351 WARNING  [Image Server] RGBD stream         image_server.py:1906
                         head_rgbd_camera waiting for                           
                         frames from                                            
                         head_camera/__head_rgbd_camera_dep                     
                         th (60/60).                                            
09:37:37.287670 WARNING  [Image Server] RGBD stream         image_server.py:1906
                         head_rgbd_camera waiting for                           
                         frames from                                            
                         head_camera/__head_rgbd_camera_dep                     
                         th (1/60).                                             
09:37:38.254324 WARNING  [Image Server] RGBD stream         image_server.py:1906
                         head_rgbd_camera waiting for                           
                         frames from                                            
                         head_camera/__head_rgbd_camera_dep                     
                         th (30/60).                                            
09:37:39.254380 WARNING  [Image Server] RGBD stream         image_server.py:1906
                         head_rgbd_camera waiting for                           
                         frames from                                            
                         head_camera/__head_rgbd_camera_dep                     
                         th (60/60).                                            
09:37:39.287678 WARNING  [Image Server] RGBD stream         image_server.py:1906
                         head_rgbd_camera waiting for                           
                         frames from                                            
                         head_camera/__head_rgbd_camera_dep                     
                         th (1/60).                                             
09:37:40.254433 WARNING  [Image Server] RGBD stream         image_server.py:1906
                         head_rgbd_camera waiting for                           
                         frames from                                            
                         head_camera/__head_rgbd_camera_dep                     
                         th (30/60).                                            
09:37:41.254337 WARNING  [Image Server] RGBD stream         image_server.py:1906
                         head_rgbd_camera waiting for                           
                         frames from                                            
                         head_camera/__head_rgbd_camera_dep                     
                         th (60/60).                                            
09:37:41.287716 WARNING  [Image Server] RGBD stream         image_server.py:1906
                         head_rgbd_camera waiting for                           
                         frames from                                            
                         head_camera/__head_rgbd_camera_dep                     
                         th (1/60).                                             
09:37:42.254910 WARNING  [Image Server] RGBD stream         image_server.py:1906
                         head_rgbd_camera waiting for                           
                         frames from                                            
                         head_camera/__head_rgbd_camera_dep                     
                         th (30/60).                                            
09:37:43.254362 WARNING  [Image Server] RGBD stream         image_server.py:1906
                         head_rgbd_camera waiting for                           
                         frames from                                            
                         head_camera/__head_rgbd_camera_dep                     
                         th (60/60).                                            
09:37:43.287658 WARNING  [Image Server] RGBD stream         image_server.py:1906
                         head_rgbd_camera waiting for                           
                         frames from                                            
                         head_camera/__head_rgbd_camera_dep                     
                         th (1/60).                                             
09:37:44.254332 WARNING  [Image Server] RGBD stream         image_server.py:1906
                         head_rgbd_camera waiting for                           
                         frames from                                            
                         head_camera/__head_rgbd_camera_dep                     
                         th (30/60).                                            
09:37:45.254340 WARNING  [Image Server] RGBD stream         image_server.py:1906
                         head_rgbd_camera waiting for                           
                         frames from                                            
                         head_camera/__head_rgbd_camera_dep                     
                         th (60/60).                                            
09:37:45.287655 WARNING  [Image Server] RGBD stream         image_server.py:1906
                         head_rgbd_camera waiting for                           
                         frames from                                            
                         head_camera/__head_rgbd_camera_dep                     
                         th (1/60).                                             
09:37:46.254891 WARNING  [Image Server] RGBD stream         image_server.py:1906
                         head_rgbd_camera waiting for                           
                         frames from                                            
                         head_camera/__head_rgbd_camera_dep                     
                         th (30/60).                                            
09:37:47.254407 WARNING  [Image Server] RGBD stream         image_server.py:1906
                         head_rgbd_camera waiting for                           
                         frames from                                            
                         head_camera/__head_rgbd_camera_dep                     
                         th (60/60).                                            
09:37:47.291234 WARNING  [Image Server] RGBD stream         image_server.py:1906
                         head_rgbd_camera waiting for                           
                         frames from                                            
                         head_camera/__head_rgbd_camera_dep                     
                         th (1/60).                                             
09:37:48.254464 WARNING  [Image Server] RGBD stream         image_server.py:1906
                         head_rgbd_camera waiting for                           
                         frames from                                            
                         head_camera/__head_rgbd_camera_dep                     
                         th (30/60).                                            
09:37:49.255492 WARNING  [Image Server] RGBD stream         image_server.py:1906
                         head_rgbd_camera waiting for                           
                         frames from                                            
                         head_camera/__head_rgbd_camera_dep                     
                         th (60/60).                                            
09:37:49.287721 WARNING  [Image Server] RGBD stream         image_server.py:1906
                         head_rgbd_camera waiting for                           
                         frames from                                            
                         head_camera/__head_rgbd_camera_dep                     
                         th (1/60).                                             
09:37:50.254446 WARNING  [Image Server] RGBD stream         image_server.py:1906
                         head_rgbd_camera waiting for                           
                         frames from                                            
                         head_camera/__head_rgbd_camera_dep                     
                         th (30/60).                                            
09:37:51.257119 WARNING  [Image Server] RGBD stream         image_server.py:1906
                         head_rgbd_camera waiting for                           
                         frames from                                            
                         head_camera/__head_rgbd_camera_dep                     
                         th (60/60).                                            
09:37:51.287675 WARNING  [Image Server] RGBD stream         image_server.py:1906
                         head_rgbd_camera waiting for                           
                         frames from                                            
                         head_camera/__head_rgbd_camera_dep                     
                         th (1/60).                                             
09:37:52.254408 WARNING  [Image Server] RGBD stream         image_server.py:1906
                         head_rgbd_camera waiting for                           
                         frames from                                            
                         head_camera/__head_rgbd_camera_dep                     
                         th (30/60).                                            
09:37:53.256878 WARNING  [Image Server] RGBD stream         image_server.py:1906
                         head_rgbd_camera waiting for                           
                         frames from                                            
                         head_camera/__head_rgbd_camera_dep                     
                         th (60/60).                                            
09:37:53.287763 WARNING  [Image Server] RGBD stream         image_server.py:1906
                         head_rgbd_camera waiting for                           
                         frames from                                            
                         head_camera/__head_rgbd_camera_dep                     
                         th (1/60).                                             
09:37:54.254408 WARNING  [Image Server] RGBD stream         image_server.py:1906
                         head_rgbd_camera waiting for                           
                         frames from                                            
                         head_camera/__head_rgbd_camera_dep                     
                         th (30/60).                                            
09:37:55.257026 WARNING  [Image Server] RGBD stream         image_server.py:1906
                         head_rgbd_camera waiting for                           
                         frames from                                            
                         head_camera/__head_rgbd_camera_dep                     
                         th (60/60).                                            
09:37:55.287729 WARNING  [Image Server] RGBD stream         image_server.py:1906
                         head_rgbd_camera waiting for                           
                         frames from                                            
                         head_camera/__head_rgbd_camera_dep                     
                         th (1/60).                                             
09:37:56.254405 WARNING  [Image Server] RGBD stream         image_server.py:1906
                         head_rgbd_camera waiting for                           
                         frames from                                            
                         head_camera/__head_rgbd_camera_dep                     
                         th (30/60).                                            
09:37:57.256900 WARNING  [Image Server] RGBD stream         image_server.py:1906
                         head_rgbd_camera waiting for                           
                         frames from                                            
                         head_camera/__head_rgbd_camera_dep                     
                         th (60/60).                                            
09:37:57.287708 WARNING  [Image Server] RGBD stream         image_server.py:1906
                         head_rgbd_camera waiting for                           
                         frames from                                            
                         head_camera/__head_rgbd_camera_dep                     
                         th (1/60).                                             
09:37:58.257897 WARNING  [Image Server] RGBD stream         image_server.py:1906
                         head_rgbd_camera waiting for                           
                         frames from                                            
                         head_camera/__head_rgbd_camera_dep                     
                         th (30/60).                                            
09:37:59.254425 WARNING  [Image Server] RGBD stream         image_server.py:1906
                         head_rgbd_camera waiting for                           
                         frames from                                            
                         head_camera/__head_rgbd_camera_dep                     
                         th (60/60).                                            
09:37:59.290610 WARNING  [Image Server] RGBD stream         image_server.py:1906
                         head_rgbd_camera waiting for                           
                         frames from                                            
                         head_camera/__head_rgbd_camera_dep                     
                         th (1/60).                                             
09:38:00.254359 WARNING  [Image Server] RGBD stream         image_server.py:1906
                         head_rgbd_camera waiting for                           
                         frames from                                            
                         head_camera/__head_rgbd_camera_dep                     
                         th (30/60).                                            
09:38:01.254385 WARNING  [Image Server] RGBD stream         image_server.py:1906
                         head_rgbd_camera waiting for                           
                         frames from                                            
                         head_camera/__head_rgbd_camera_dep                     
                         th (60/60).                                            
09:38:01.287737 WARNING  [Image Server] RGBD stream         image_server.py:1906
                         head_rgbd_camera waiting for                           
                         frames from                                            
                         head_camera/__head_rgbd_camera_dep                     
                         th (1/60).                                             
09:38:02.254411 WARNING  [Image Server] RGBD stream         image_server.py:1906
                         head_rgbd_camera waiting for                           
                         frames from                                            
                         head_camera/__head_rgbd_camera_dep                     
                         th (30/60).                                            
09:38:03.256845 WARNING  [Image Server] RGBD stream         image_server.py:1906
                         head_rgbd_camera waiting for                           
                         frames from                                            
                         head_camera/__head_rgbd_camera_dep                     
                         th (60/60).                                            
09:38:03.287665 WARNING  [Image Server] RGBD stream         image_server.py:1906
                         head_rgbd_camera waiting for                           
                         frames from                                            
                         head_camera/__head_rgbd_camera_dep                     
                         th (1/60).                                             
09:38:04.258699 WARNING  [Image Server] RGBD stream         image_server.py:1906
                         head_rgbd_camera waiting for                           
                         frames from                                            
                         head_camera/__head_rgbd_camera_dep                     
                         th (30/60).                                            
09:38:05.254386 WARNING  [Image Server] RGBD stream         image_server.py:1906
                         head_rgbd_camera waiting for                           
                         frames from                                            
                         head_camera/__head_rgbd_camera_dep                     
                         th (60/60).                                            
09:38:05.287694 WARNING  [Image Server] RGBD stream         image_server.py:1906
                         head_rgbd_camera waiting for                           
                         frames from                                            
                         head_camera/__head_rgbd_camera_dep                     
                         th (1/60).                                             
09:38:06.254418 WARNING  [Image Server] RGBD stream         image_server.py:1906
                         head_rgbd_camera waiting for                           
                         frames from                                            
                         head_camera/__head_rgbd_camera_dep                     
                         th (30/60).                                            
09:38:07.254348 WARNING  [Image Server] RGBD stream         image_server.py:1906
                         head_rgbd_camera waiting for                           
                         frames from                                            
                         head_camera/__head_rgbd_camera_dep                     
                         th (60/60).                                            
09:38:07.287693 WARNING  [Image Server] RGBD stream         image_server.py:1906
                         head_rgbd_camera waiting for                           
                         frames from                                            
                         head_camera/__head_rgbd_camera_dep                     
                         th (1/60).                                             
09:38:08.254395 WARNING  [Image Server] RGBD stream         image_server.py:1906
                         head_rgbd_camera waiting for                           
                         frames from                                            
                         head_camera/__head_rgbd_camera_dep                     
                         th (30/60).                                            
09:38:09.256396 WARNING  [Image Server] RGBD stream         image_server.py:1906
                         head_rgbd_camera waiting for                           
                         frames from                                            
                         head_camera/__head_rgbd_camera_dep                     
                         th (60/60).                                            
09:38:09.287691 WARNING  [Image Server] RGBD stream         image_server.py:1906
                         head_rgbd_camera waiting for                           
                         frames from                                            
                         head_camera/__head_rgbd_camera_dep                     
                         th (1/60).                                             
09:38:10.255080 WARNING  [Image Server] RGBD stream         image_server.py:1906
                         head_rgbd_camera waiting for                           
                         frames from                                            
                         head_camera/__head_rgbd_camera_dep                     
                         th (30/60).                                            
09:38:11.256149 WARNING  [Image Server] RGBD stream         image_server.py:1906
                         head_rgbd_camera waiting for                           
                         frames from                                            
                         head_camera/__head_rgbd_camera_dep                     
                         th (60/60).                                            
09:38:11.290736 WARNING  [Image Server] RGBD stream         image_server.py:1906
                         head_rgbd_camera waiting for                           
                         frames from                                            
                         head_camera/__head_rgbd_camera_dep                     
                         th (1/60).                                             
09:38:12.256294 WARNING  [Image Server] RGBD stream         image_server.py:1906
                         head_rgbd_camera waiting for                           
                         frames from                                            
                         head_camera/__head_rgbd_camera_dep                     
                         th (30/60).                                            
09:38:13.254438 WARNING  [Image Server] RGBD stream         image_server.py:1906
                         head_rgbd_camera waiting for                           
                         frames from                                            
                         head_camera/__head_rgbd_camera_dep                     
                         th (60/60).                                            
09:38:13.287724 WARNING  [Image Server] RGBD stream         image_server.py:1906
                         head_rgbd_camera waiting for                           
                         frames from                                            
                         head_camera/__head_rgbd_camera_dep                     
                         th (1/60).                                             
09:38:14.257584 WARNING  [Image Server] RGBD stream         image_server.py:1906
                         head_rgbd_camera waiting for                           
                         frames from                                            
                         head_camera/__head_rgbd_camera_dep                     
                         th (30/60).                                            
09:38:15.257025 WARNING  [Image Server] RGBD stream         image_server.py:1906
                         head_rgbd_camera waiting for                           
                         frames from                                            
                         head_camera/__head_rgbd_camera_dep                     
                         th (60/60).                                            
09:38:15.287937 WARNING  [Image Server] RGBD stream         image_server.py:1906
                         head_rgbd_camera waiting for                           
                         frames from                                            
                         head_camera/__head_rgbd_camera_dep                     
                         th (1/60).                                             
09:38:16.254391 WARNING  [Image Server] RGBD stream         image_server.py:1906
                         head_rgbd_camera waiting for                           
                         frames from                                            
                         head_camera/__head_rgbd_camera_dep                     
                         th (30/60).                                            
09:38:17.254447 WARNING  [Image Server] RGBD stream         image_server.py:1906
                         head_rgbd_camera waiting for                           
                         frames from                                            
                         head_camera/__head_rgbd_camera_dep                     
                         th (60/60).                                            
09:38:17.290282 WARNING  [Image Server] RGBD stream         image_server.py:1906
                         head_rgbd_camera waiting for                           
                         frames from                                            
                         head_camera/__head_rgbd_camera_dep                     
                         th (1/60).                                             
09:38:18.255195 WARNING  [Image Server] RGBD stream         image_server.py:1906
                         head_rgbd_camera waiting for                           
                         frames from                                            
                         head_camera/__head_rgbd_camera_dep                     
                         th (30/60).                                            
09:38:19.256324 WARNING  [Image Server] RGBD stream         image_server.py:1906
                         head_rgbd_camera waiting for                           
                         frames from                                            
                         head_camera/__head_rgbd_camera_dep                     
                         th (60/60).                                            
09:38:19.287815 WARNING  [Image Server] RGBD stream         image_server.py:1906
                         head_rgbd_camera waiting for                           
                         frames from                                            
                         head_camera/__head_rgbd_camera_dep                     
                         th (1/60).                                             
09:38:20.254416 WARNING  [Image Server] RGBD stream         image_server.py:1906
                         head_rgbd_camera waiting for                           
                         frames from                                            
                         head_camera/__head_rgbd_camera_dep                     
                         th (30/60).                                            
09:38:21.255050 WARNING  [Image Server] RGBD stream         image_server.py:1906
                         head_rgbd_camera waiting for                           
                         frames from                                            
                         head_camera/__head_rgbd_camera_dep                     
                         th (60/60).                                            
09:38:21.289492 WARNING  [Image Server] RGBD stream         image_server.py:1906
                         head_rgbd_camera waiting for                           
                         frames from                                            
                         head_camera/__head_rgbd_camera_dep                     
                         th (1/60).                                             
09:38:22.256649 WARNING  [Image Server] RGBD stream         image_server.py:1906
                         head_rgbd_camera waiting for                           
                         frames from                                            
                         head_camera/__head_rgbd_camera_dep                     
                         th (30/60).                                            
09:38:23.254382 WARNING  [Image Server] RGBD stream         image_server.py:1906
                         head_rgbd_camera waiting for                           
                         frames from                                            
                         head_camera/__head_rgbd_camera_dep                     
                         th (60/60).                                            
09:38:23.287721 WARNING  [Image Server] RGBD stream         image_server.py:1906
                         head_rgbd_camera waiting for                           
                         frames from                                            
                         head_camera/__head_rgbd_camera_dep                     
                         th (1/60).                                             
09:38:24.254362 WARNING  [Image Server] RGBD stream         image_server.py:1906
                         head_rgbd_camera waiting for                           
                         frames from                                            
                         head_camera/__head_rgbd_camera_dep                     
                         th (30/60).                                            
09:38:25.254384 WARNING  [Image Server] RGBD stream         image_server.py:1906
                         head_rgbd_camera waiting for                           
                         frames from                                            
                         head_camera/__head_rgbd_camera_dep                     
                         th (60/60).                                            
09:38:25.287719 WARNING  [Image Server] RGBD stream         image_server.py:1906
                         head_rgbd_camera waiting for                           
                         frames from                                            
                         head_camera/__head_rgbd_camera_dep                     
                         th (1/60).                                             
09:38:26.254408 WARNING  [Image Server] RGBD stream         image_server.py:1906
                         head_rgbd_camera waiting for                           
                         frames from                                            
                         head_camera/__head_rgbd_camera_dep                     
                         th (30/60).                                            
09:38:27.254383 WARNING  [Image Server] RGBD stream         image_server.py:1906
                         head_rgbd_camera waiting for                           
                         frames from                                            
                         head_camera/__head_rgbd_camera_dep                     
                         th (60/60).                                            
09:38:27.287687 WARNING  [Image Server] RGBD stream         image_server.py:1906
                         head_rgbd_camera waiting for                           
                         frames from                                            
                         head_camera/__head_rgbd_camera_dep                     
                         th (1/60).                                             
09:38:28.256079 WARNING  [Image Server] RGBD stream         image_server.py:1906
                         head_rgbd_camera waiting for                           
                         frames from                                            
                         head_camera/__head_rgbd_camera_dep                     
                         th (30/60).                                            
09:38:29.254332 WARNING  [Image Server] RGBD stream         image_server.py:1906
                         head_rgbd_camera waiting for                           
                         frames from                                            
                         head_camera/__head_rgbd_camera_dep                     
                         th (60/60).                                            
09:38:29.289487 WARNING  [Image Server] RGBD stream         image_server.py:1906
                         head_rgbd_camera waiting for                           
                         frames from                                            
                         head_camera/__head_rgbd_camera_dep                     
                         th (1/60).                                             
09:38:30.254370 WARNING  [Image Server] RGBD stream         image_server.py:1906
                         head_rgbd_camera waiting for                           
                         frames from                                            
                         head_camera/__head_rgbd_camera_dep                     
                         th (30/60).                                            
09:38:31.255058 WARNING  [Image Server] RGBD stream         image_server.py:1906
                         head_rgbd_camera waiting for                           
                         frames from                                            
                         head_camera/__head_rgbd_camera_dep                     
                         th (60/60).                                            
09:38:31.287658 WARNING  [Image Server] RGBD stream         image_server.py:1906
                         head_rgbd_camera waiting for                           
                         frames from                                            
                         head_camera/__head_rgbd_camera_dep                     
                         th (1/60).                                             
09:38:32.254480 WARNING  [Image Server] RGBD stream         image_server.py:1906
                         head_rgbd_camera waiting for                           
                         frames from                                            
                         head_camera/__head_rgbd_camera_dep                     
                         th (30/60).                                            
09:38:33.255244 WARNING  [Image Server] RGBD stream         image_server.py:1906
                         head_rgbd_camera waiting for                           
                         frames from                                            
                         head_camera/__head_rgbd_camera_dep                     
                         th (60/60).                                            
09:38:33.289497 WARNING  [Image Server] RGBD stream         image_server.py:1906
                         head_rgbd_camera waiting for                           
                         frames from                                            
                         head_camera/__head_rgbd_camera_dep                     
                         th (1/60).                                             
09:38:34.255594 WARNING  [Image Server] RGBD stream         image_server.py:1906
                         head_rgbd_camera waiting for                           
                         frames from                                            
                         head_camera/__head_rgbd_camera_dep                     
                         th (30/60).                                            
09:38:35.254521 WARNING  [Image Server] RGBD stream         image_server.py:1906
                         head_rgbd_camera waiting for                           
                         frames from                                            
                         head_camera/__head_rgbd_camera_dep                     
                         th (60/60).                                            
09:38:35.287658 WARNING  [Image Server] RGBD stream         image_server.py:1906
                         head_rgbd_camera waiting for                           
                         frames from                                            
                         head_camera/__head_rgbd_camera_dep                     
                         th (1/60).                                             
09:38:36.254417 WARNING  [Image Server] RGBD stream         image_server.py:1906
                         head_rgbd_camera waiting for                           
                         frames from                                            
                         head_camera/__head_rgbd_camera_dep                     
                         th (30/60).                                            
09:38:37.255557 WARNING  [Image Server] RGBD stream         image_server.py:1906
                         head_rgbd_camera waiting for                           
                         frames from                                            
                         head_camera/__head_rgbd_camera_dep                     
                         th (60/60).                                            
09:38:37.287685 WARNING  [Image Server] RGBD stream         image_server.py:1906
                         head_rgbd_camera waiting for                           
                         frames from                                            
                         head_camera/__head_rgbd_camera_dep                     
                         th (1/60).                                             
09:38:38.254445 WARNING  [Image Server] RGBD stream         image_server.py:1906
                         head_rgbd_camera waiting for                           
                         frames from                                            
                         head_camera/__head_rgbd_camera_dep                     
                         th (30/60).                                            
09:38:39.254332 WARNING  [Image Server] RGBD stream         image_server.py:1906
                         head_rgbd_camera waiting for                           
                         frames from                                            
                         head_camera/__head_rgbd_camera_dep                     
                         th (60/60).                                            
09:38:39.287671 WARNING  [Image Server] RGBD stream         image_server.py:1906
                         head_rgbd_camera waiting for                           
                         frames from                                            
                         head_camera/__head_rgbd_camera_dep                     
                         th (1/60).                                             
09:38:40.254446 WARNING  [Image Server] RGBD stream         image_server.py:1906
                         head_rgbd_camera waiting for                           
                         frames from                                            
                         head_camera/__head_rgbd_camera_dep                     
                         th (30/60).                                            
09:38:41.254316 WARNING  [Image Server] RGBD stream         image_server.py:1906
                         head_rgbd_camera waiting for                           
                         frames from                                            
                         head_camera/__head_rgbd_camera_dep                     
                         th (60/60).                                            
09:38:41.288878 WARNING  [Image Server] RGBD stream         image_server.py:1906
                         head_rgbd_camera waiting for                           
                         frames from                                            
                         head_camera/__head_rgbd_camera_dep                     
                         th (1/60).                                             
09:38:42.254371 WARNING  [Image Server] RGBD stream         image_server.py:1906
                         head_rgbd_camera waiting for                           
                         frames from                                            
                         head_camera/__head_rgbd_camera_dep                     
                         th (30/60).                                            
09:38:43.254386 WARNING  [Image Server] RGBD stream         image_server.py:1906
                         head_rgbd_camera waiting for                           
                         frames from                                            
                         head_camera/__head_rgbd_camera_dep                     
                         th (60/60).                                            
09:38:43.287647 WARNING  [Image Server] RGBD stream         image_server.py:1906
                         head_rgbd_camera waiting for                           
                         frames from                                            
                         head_camera/__head_rgbd_camera_dep                     
                         th (1/60).                                             
09:38:44.254360 WARNING  [Image Server] RGBD stream         image_server.py:1906
                         head_rgbd_camera waiting for                           
                         frames from                                            
                         head_camera/__head_rgbd_camera_dep                     
                         th (30/60).                                            
09:38:45.255527 WARNING  [Image Server] RGBD stream         image_server.py:1906
                         head_rgbd_camera waiting for                           
                         frames from                                            
                         head_camera/__head_rgbd_camera_dep                     
                         th (60/60).                                            
09:38:45.287723 WARNING  [Image Server] RGBD stream         image_server.py:1906
                         head_rgbd_camera waiting for                           
                         frames from                                            
                         head_camera/__head_rgbd_camera_dep                     
                         th (1/60).                                             
09:38:46.254363 WARNING  [Image Server] RGBD stream         image_server.py:1906
                         head_rgbd_camera waiting for                           
                         frames from                                            
                         head_camera/__head_rgbd_camera_dep                     
                         th (30/60).                                            
09:38:47.256744 WARNING  [Image Server] RGBD stream         image_server.py:1906
                         head_rgbd_camera waiting for                           
                         frames from                                            
                         head_camera/__head_rgbd_camera_dep                     
                         th (60/60).                                            
09:38:47.287677 WARNING  [Image Server] RGBD stream         image_server.py:1906
                         head_rgbd_camera waiting for                           
                         frames from                                            
                         head_camera/__head_rgbd_camera_dep                     
                         th (1/60).                                             
09:38:48.254369 WARNING  [Image Server] RGBD stream         image_server.py:1906
                         head_rgbd_camera waiting for                           
                         frames from                                            
                         head_camera/__head_rgbd_camera_dep                     
                         th (30/60).                                            
09:38:49.255043 WARNING  [Image Server] RGBD stream         image_server.py:1906
                         head_rgbd_camera waiting for                           
                         frames from                                            
                         head_camera/__head_rgbd_camera_dep                     
                         th (60/60).                                            
09:38:49.287740 WARNING  [Image Server] RGBD stream         image_server.py:1906
                         head_rgbd_camera waiting for                           
                         frames from                                            
                         head_camera/__head_rgbd_camera_dep                     
                         th (1/60).                                             
09:38:50.254370 WARNING  [Image Server] RGBD stream         image_server.py:1906
                         head_rgbd_camera waiting for                           
                         frames from                                            
                         head_camera/__head_rgbd_camera_dep                     
                         th (30/60).                                            
09:38:51.255871 WARNING  [Image Server] RGBD stream         image_server.py:1906
                         head_rgbd_camera waiting for                           
                         frames from                                            
                         head_camera/__head_rgbd_camera_dep                     
                         th (60/60).                                            
09:38:51.289427 WARNING  [Image Server] RGBD stream         image_server.py:1906
                         head_rgbd_camera waiting for                           
                         frames from                                            
                         head_camera/__head_rgbd_camera_dep                     
                         th (1/60).                                             
09:38:52.254366 WARNING  [Image Server] RGBD stream         image_server.py:1906
                         head_rgbd_camera waiting for                           
                         frames from                                            
                         head_camera/__head_rgbd_camera_dep                     
                         th (30/60).                                            
09:38:53.254351 WARNING  [Image Server] RGBD stream         image_server.py:1906
                         head_rgbd_camera waiting for                           
                         frames from                                            
                         head_camera/__head_rgbd_camera_dep                     
                         th (60/60).                                            
09:38:53.287673 WARNING  [Image Server] RGBD stream         image_server.py:1906
                         head_rgbd_camera waiting for                           
                         frames from                                            
                         head_camera/__head_rgbd_camera_dep                     
                         th (1/60).                                             
09:38:54.254340 WARNING  [Image Server] RGBD stream         image_server.py:1906
                         head_rgbd_camera waiting for                           
                         frames from                                            
                         head_camera/__head_rgbd_camera_dep                     
                         th (30/60).                                            
09:38:55.257132 WARNING  [Image Server] RGBD stream         image_server.py:1906
                         head_rgbd_camera waiting for                           
                         frames from                                            
                         head_camera/__head_rgbd_camera_dep                     
                         th (60/60).                                            
09:38:55.287659 WARNING  [Image Server] RGBD stream         image_server.py:1906
                         head_rgbd_camera waiting for                           
                         frames from                                            
                         head_camera/__head_rgbd_camera_dep                     
                         th (1/60).                                             
09:38:56.254340 WARNING  [Image Server] RGBD stream         image_server.py:1906
                         head_rgbd_camera waiting for                           
                         frames from                                            
                         head_camera/__head_rgbd_camera_dep                     
                         th (30/60).                                            
09:38:57.254432 WARNING  [Image Server] RGBD stream         image_server.py:1906
                         head_rgbd_camera waiting for                           
                         frames from                                            
                         head_camera/__head_rgbd_camera_dep                     
                         th (60/60).                                            
09:38:57.287677 WARNING  [Image Server] RGBD stream         image_server.py:1906
                         head_rgbd_camera waiting for                           
                         frames from                                            
                         head_camera/__head_rgbd_camera_dep                     
                         th (1/60).                                             
09:38:58.254432 WARNING  [Image Server] RGBD stream         image_server.py:1906
                         head_rgbd_camera waiting for                           
                         frames from                                            
                         head_camera/__head_rgbd_camera_dep                     
                         th (30/60).                                            
09:38:59.254471 WARNING  [Image Server] RGBD stream         image_server.py:1906
                         head_rgbd_camera waiting for                           
                         frames from                                            
                         head_camera/__head_rgbd_camera_dep                     
                         th (60/60).                                            
09:38:59.287671 WARNING  [Image Server] RGBD stream         image_server.py:1906
                         head_rgbd_camera waiting for                           
                         frames from                                            
                         head_camera/__head_rgbd_camera_dep                     
                         th (1/60).                                             
09:39:00.255227 WARNING  [Image Server] RGBD stream         image_server.py:1906
                         head_rgbd_camera waiting for                           
                         frames from                                            
                         head_camera/__head_rgbd_camera_dep                     
                         th (30/60).                                            
09:39:01.254337 WARNING  [Image Server] RGBD stream         image_server.py:1906
                         head_rgbd_camera waiting for                           
                         frames from                                            
                         head_camera/__head_rgbd_camera_dep                     
                         th (60/60).                                            
09:39:01.287665 WARNING  [Image Server] RGBD stream         image_server.py:1906
                         head_rgbd_camera waiting for                           
                         frames from                                            
                         head_camera/__head_rgbd_camera_dep                     
                         th (1/60).                                             
09:39:02.255055 WARNING  [Image Server] RGBD stream         image_server.py:1906
                         head_rgbd_camera waiting for                           
                         frames from                                            
                         head_camera/__head_rgbd_camera_dep                     
                         th (30/60).                                            
09:39:03.254306 WARNING  [Image Server] RGBD stream         image_server.py:1906
                         head_rgbd_camera waiting for                           
                         frames from                                            
                         head_camera/__head_rgbd_camera_dep                     
                         th (60/60).                                            
09:39:03.287657 WARNING  [Image Server] RGBD stream         image_server.py:1906
                         head_rgbd_camera waiting for                           
                         frames from                                            
                         head_camera/__head_rgbd_camera_dep                     
                         th (1/60).                                             
09:39:04.254334 WARNING  [Image Server] RGBD stream         image_server.py:1906
                         head_rgbd_camera waiting for                           
                         frames from                                            
                         head_camera/__head_rgbd_camera_dep                     
                         th (30/60).                                            
09:39:05.254347 WARNING  [Image Server] RGBD stream         image_server.py:1906
                         head_rgbd_camera waiting for                           
                         frames from                                            
                         head_camera/__head_rgbd_camera_dep                     
                         th (60/60).                                            
09:39:05.287673 WARNING  [Image Server] RGBD stream         image_server.py:1906
                         head_rgbd_camera waiting for                           
                         frames from                                            
                         head_camera/__head_rgbd_camera_dep                     
                         th (1/60).                                             
09:39:06.255946 WARNING  [Image Server] RGBD stream         image_server.py:1906
                         head_rgbd_camera waiting for                           
                         frames from                                            
                         head_camera/__head_rgbd_camera_dep                     
                         th (30/60).                                            
09:39:07.254439 WARNING  [Image Server] RGBD stream         image_server.py:1906
                         head_rgbd_camera waiting for                           
                         frames from                                            
                         head_camera/__head_rgbd_camera_dep                     
                         th (60/60).                                            
09:39:07.287688 WARNING  [Image Server] RGBD stream         image_server.py:1906
                         head_rgbd_camera waiting for                           
                         frames from                                            
                         head_camera/__head_rgbd_camera_dep                     
                         th (1/60).                                             
09:39:08.254325 WARNING  [Image Server] RGBD stream         image_server.py:1906
                         head_rgbd_camera waiting for                           
                         frames from                                            
                         head_camera/__head_rgbd_camera_dep                     
                         th (30/60).                                            
09:39:09.254333 WARNING  [Image Server] RGBD stream         image_server.py:1906
                         head_rgbd_camera waiting for                           
                         frames from                                            
                         head_camera/__head_rgbd_camera_dep                     
                         th (60/60).                                            
09:39:09.287672 WARNING  [Image Server] RGBD stream         image_server.py:1906
                         head_rgbd_camera waiting for                           
                         frames from                                            
                         head_camera/__head_rgbd_camera_dep                     
                         th (1/60).                                             
09:39:10.254367 WARNING  [Image Server] RGBD stream         image_server.py:1906
                         head_rgbd_camera waiting for                           
                         frames from                                            
                         head_camera/__head_rgbd_camera_dep                     
                         th (30/60).                                            
09:39:11.254678 WARNING  [Image Server] RGBD stream         image_server.py:1906
                         head_rgbd_camera waiting for                           
                         frames from                                            
                         head_camera/__head_rgbd_camera_dep                     
                         th (60/60).                                            
09:39:11.288589 WARNING  [Image Server] RGBD stream         image_server.py:1906
                         head_rgbd_camera waiting for                           
                         frames from                                            
                         head_camera/__head_rgbd_camera_dep                     
                         th (1/60).                                             
09:39:12.255200 WARNING  [Image Server] RGBD stream         image_server.py:1906
                         head_rgbd_camera waiting for                           
                         frames from                                            
                         head_camera/__head_rgbd_camera_dep                     
                         th (30/60).                                            
09:39:13.254340 WARNING  [Image Server] RGBD stream         image_server.py:1906
                         head_rgbd_camera waiting for                           
                         frames from                                            
                         head_camera/__head_rgbd_camera_dep                     
                         th (60/60).                                            
09:39:13.287642 WARNING  [Image Server] RGBD stream         image_server.py:1906
                         head_rgbd_camera waiting for                           
                         frames from                                            
                         head_camera/__head_rgbd_camera_dep                     
                         th (1/60).                                             
09:39:14.254326 WARNING  [Image Server] RGBD stream         image_server.py:1906
                         head_rgbd_camera waiting for                           
                         frames from                                            
                         head_camera/__head_rgbd_camera_dep                     
                         th (30/60).                                            
09:39:15.254328 WARNING  [Image Server] RGBD stream         image_server.py:1906
                         head_rgbd_camera waiting for                           
                         frames from                                            
                         head_camera/__head_rgbd_camera_dep                     
                         th (60/60).                                            
09:39:15.289541 WARNING  [Image Server] RGBD stream         image_server.py:1906
                         head_rgbd_camera waiting for                           
                         frames from                                            
                         head_camera/__head_rgbd_camera_dep                     
                         th (1/60).                                             
09:39:16.254329 WARNING  [Image Server] RGBD stream         image_server.py:1906
                         head_rgbd_camera waiting for                           
                         frames from                                            
                         head_camera/__head_rgbd_camera_dep                     
                         th (30/60).                                            
09:39:17.254346 WARNING  [Image Server] RGBD stream         image_server.py:1906
                         head_rgbd_camera waiting for                           
                         frames from                                            
                         head_camera/__head_rgbd_camera_dep                     
                         th (60/60).                                            
09:39:17.287810 WARNING  [Image Server] RGBD stream         image_server.py:1906
                         head_rgbd_camera waiting for                           
                         frames from                                            
                         head_camera/__head_rgbd_camera_dep                     
                         th (1/60).                                             
09:39:18.254368 WARNING  [Image Server] RGBD stream         image_server.py:1906
                         head_rgbd_camera waiting for                           
                         frames from                                            
                         head_camera/__head_rgbd_camera_dep                     
                         th (30/60).                                            
09:39:19.255110 WARNING  [Image Server] RGBD stream         image_server.py:1906
                         head_rgbd_camera waiting for                           
                         frames from                                            
                         head_camera/__head_rgbd_camera_dep                     
                         th (60/60).                                            
09:39:19.287737 WARNING  [Image Server] RGBD stream         image_server.py:1906
                         head_rgbd_camera waiting for                           
                         frames from                                            
                         head_camera/__head_rgbd_camera_dep                     
                         th (1/60).                                             
09:39:20.255097 WARNING  [Image Server] RGBD stream         image_server.py:1906
                         head_rgbd_camera waiting for                           
                         frames from                                            
                         head_camera/__head_rgbd_camera_dep                     
                         th (30/60).                                            
09:39:21.254334 WARNING  [Image Server] RGBD stream         image_server.py:1906
                         head_rgbd_camera waiting for                           
                         frames from                                            
                         head_camera/__head_rgbd_camera_dep                     
                         th (60/60).                                            
09:39:21.289922 WARNING  [Image Server] RGBD stream         image_server.py:1906
                         head_rgbd_camera waiting for                           
                         frames from                                            
                         head_camera/__head_rgbd_camera_dep                     
                         th (1/60).                                             
09:39:22.254347 WARNING  [Image Server] RGBD stream         image_server.py:1906
                         head_rgbd_camera waiting for                           
                         frames from                                            
                         head_camera/__head_rgbd_camera_dep                     
                         th (30/60).                                            
09:39:23.254323 WARNING  [Image Server] RGBD stream         image_server.py:1906
                         head_rgbd_camera waiting for                           
                         frames from                                            
                         head_camera/__head_rgbd_camera_dep                     
                         th (60/60).                                            
09:39:23.288721 WARNING  [Image Server] RGBD stream         image_server.py:1906
                         head_rgbd_camera waiting for                           
                         frames from                                            
                         head_camera/__head_rgbd_camera_dep                     
                         th (1/60).                                             
09:39:24.254359 WARNING  [Image Server] RGBD stream         image_server.py:1906
                         head_rgbd_camera waiting for                           
                         frames from                                            
                         head_camera/__head_rgbd_camera_dep                     
                         th (30/60).                                            
09:39:25.254352 WARNING  [Image Server] RGBD stream         image_server.py:1906
                         head_rgbd_camera waiting for                           
                         frames from                                            
                         head_camera/__head_rgbd_camera_dep                     
                         th (60/60).                                            
09:39:25.289637 WARNING  [Image Server] RGBD stream         image_server.py:1906
                         head_rgbd_camera waiting for                           
                         frames from                                            
                         head_camera/__head_rgbd_camera_dep                     
                         th (1/60).                                             
09:39:26.254361 WARNING  [Image Server] RGBD stream         image_server.py:1906
                         head_rgbd_camera waiting for                           
                         frames from                                            
                         head_camera/__head_rgbd_camera_dep                     
                         th (30/60).                                            
09:39:27.254321 WARNING  [Image Server] RGBD stream         image_server.py:1906
                         head_rgbd_camera waiting for                           
                         frames from                                            
                         head_camera/__head_rgbd_camera_dep                     
                         th (60/60).                                            
09:39:27.287666 WARNING  [Image Server] RGBD stream         image_server.py:1906
                         head_rgbd_camera waiting for                           
                         frames from                                            
                         head_camera/__head_rgbd_camera_dep                     
                         th (1/60).                                             
09:39:28.254353 WARNING  [Image Server] RGBD stream         image_server.py:1906
                         head_rgbd_camera waiting for                           
                         frames from                                            
                         head_camera/__head_rgbd_camera_dep                     
                         th (30/60).                                            
09:39:29.254328 WARNING  [Image Server] RGBD stream         image_server.py:1906
                         head_rgbd_camera waiting for                           
                         frames from                                            
                         head_camera/__head_rgbd_camera_dep                     
                         th (60/60).                                            
09:39:29.287686 WARNING  [Image Server] RGBD stream         image_server.py:1906
                         head_rgbd_camera waiting for                           
                         frames from                                            
                         head_camera/__head_rgbd_camera_dep                     
                         th (1/60).                                             
09:39:30.254353 WARNING  [Image Server] RGBD stream         image_server.py:1906
                         head_rgbd_camera waiting for                           
                         frames from                                            
                         head_camera/__head_rgbd_camera_dep                     
                         th (30/60).                                            
09:39:31.254323 WARNING  [Image Server] RGBD stream         image_server.py:1906
                         head_rgbd_camera waiting for                           
                         frames from                                            
                         head_camera/__head_rgbd_camera_dep                     
                         th (60/60).                                            
09:39:31.287657 WARNING  [Image Server] RGBD stream         image_server.py:1906
                         head_rgbd_camera waiting for                           
                         frames from                                            
                         head_camera/__head_rgbd_camera_dep                     
                         th (1/60).                                             
09:39:32.254329 WARNING  [Image Server] RGBD stream         image_server.py:1906
                         head_rgbd_camera waiting for                           
                         frames from                                            
                         head_camera/__head_rgbd_camera_dep                     
                         th (30/60).                                            
09:39:33.254805 WARNING  [Image Server] RGBD stream         image_server.py:1906
                         head_rgbd_camera waiting for                           
                         frames from                                            
                         head_camera/__head_rgbd_camera_dep                     
                         th (60/60).                                            
09:39:33.287661 WARNING  [Image Server] RGBD stream         image_server.py:1906
                         head_rgbd_camera waiting for                           
                         frames from                                            
                         head_camera/__head_rgbd_camera_dep                     
                         th (1/60).                                             
09:39:34.255274 WARNING  [Image Server] RGBD stream         image_server.py:1906
                         head_rgbd_camera waiting for                           
                         frames from                                            
                         head_camera/__head_rgbd_camera_dep                     
                         th (30/60).                                            
09:39:35.254411 WARNING  [Image Server] RGBD stream         image_server.py:1906
                         head_rgbd_camera waiting for                           
                         frames from                                            
                         head_camera/__head_rgbd_camera_dep                     
                         th (60/60).                                            
09:39:35.287650 WARNING  [Image Server] RGBD stream         image_server.py:1906
                         head_rgbd_camera waiting for                           
                         frames from                                            
                         head_camera/__head_rgbd_camera_dep                     
                         th (1/60).                                             
09:39:36.256488 WARNING  [Image Server] RGBD stream         image_server.py:1906
                         head_rgbd_camera waiting for                           
                         frames from                                            
                         head_camera/__head_rgbd_camera_dep                     
                         th (30/60).                                            
09:39:37.254361 WARNING  [Image Server] RGBD stream         image_server.py:1906
                         head_rgbd_camera waiting for                           
                         frames from                                            
                         head_camera/__head_rgbd_camera_dep                     
                         th (60/60).                                            
09:39:37.287779 WARNING  [Image Server] RGBD stream         image_server.py:1906
                         head_rgbd_camera waiting for                           
                         frames from                                            
                         head_camera/__head_rgbd_camera_dep                     
                         th (1/60).                                             
09:39:38.254337 WARNING  [Image Server] RGBD stream         image_server.py:1906
                         head_rgbd_camera waiting for                           
                         frames from                                            
                         head_camera/__head_rgbd_camera_dep                     
                         th (30/60).                                            
09:39:39.254351 WARNING  [Image Server] RGBD stream         image_server.py:1906
                         head_rgbd_camera waiting for                           
                         frames from                                            
                         head_camera/__head_rgbd_camera_dep                     
                         th (60/60).                                            
09:39:39.287675 WARNING  [Image Server] RGBD stream         image_server.py:1906
                         head_rgbd_camera waiting for                           
                         frames from                                            
                         head_camera/__head_rgbd_camera_dep                     
                         th (1/60).                                             
09:39:40.254391 WARNING  [Image Server] RGBD stream         image_server.py:1906
                         head_rgbd_camera waiting for                           
                         frames from                                            
                         head_camera/__head_rgbd_camera_dep                     
                         th (30/60).                                            
09:39:41.254389 WARNING  [Image Server] RGBD stream         image_server.py:1906
                         head_rgbd_camera waiting for                           
                         frames from                                            
                         head_camera/__head_rgbd_camera_dep                     
                         th (60/60).                                            
09:39:41.287665 WARNING  [Image Server] RGBD stream         image_server.py:1906
                         head_rgbd_camera waiting for                           
                         frames from                                            
                         head_camera/__head_rgbd_camera_dep                     
                         th (1/60).                                             
09:39:42.256409 WARNING  [Image Server] RGBD stream         image_server.py:1906
                         head_rgbd_camera waiting for                           
                         frames from                                            
                         head_camera/__head_rgbd_camera_dep                     
                         th (30/60).                                            
09:39:43.254888 WARNING  [Image Server] RGBD stream         image_server.py:1906
                         head_rgbd_camera waiting for                           
                         frames from                                            
                         head_camera/__head_rgbd_camera_dep                     
                         th (60/60).                                            
09:39:43.287910 WARNING  [Image Server] RGBD stream         image_server.py:1906
                         head_rgbd_camera waiting for                           
                         frames from                                            
                         head_camera/__head_rgbd_camera_dep                     
                         th (1/60).                                             
09:39:44.254386 WARNING  [Image Server] RGBD stream         image_server.py:1906
                         head_rgbd_camera waiting for                           
                         frames from                                            
                         head_camera/__head_rgbd_camera_dep                     
                         th (30/60).                                            
09:39:45.254307 WARNING  [Image Server] RGBD stream         image_server.py:1906
                         head_rgbd_camera waiting for                           
                         frames from                                            
                         head_camera/__head_rgbd_camera_dep                     
                         th (60/60).                                            
09:39:45.289212 WARNING  [Image Server] RGBD stream         image_server.py:1906
                         head_rgbd_camera waiting for                           
                         frames from                                            
                         head_camera/__head_rgbd_camera_dep                     
                         th (1/60).                                             
09:39:46.254362 WARNING  [Image Server] RGBD stream         image_server.py:1906
                         head_rgbd_camera waiting for                           
                         frames from                                            
                         head_camera/__head_rgbd_camera_dep                     
                         th (30/60).                                            
09:39:46.401272 INFO     [Image Server] Received signal 15, image_server.py:2098
                         initiating graceful shutdown...                        
09:39:46.609335 INFO     [OpenCVCamera] Released            image_server.py:1151
                         left_wrist_camera                                      
09:39:46.647596 INFO     [OpenCVCamera] Released            image_server.py:1151
                         right_wrist_camera                                     
09:39:47.648447 INFO     [FFmpegDepthCamera] Released       image_server.py:1313
                         __head_rgbd_camera_depth                               
09:39:47.648634 INFO     [Image Server] Clean up completed. image_server.py:2051
                         Server stopped.                                        
09:40:13.570346 INFO                                        image_server.py:2129
                         ====================== Image                           
                         Server Startup Guide                                   
                         ======================                                 
                         Please first read this repo's                          
                         README.md to learn how to                              
                         configure and use the teleimager.                      
                         To discover connected cameras, run                     
                         the following command:                                 
                                                                                
                             teleimager-server --cf                             
                                                                                
                         The '--cf' flag means 'camera                          
                         find'.                                                 
                         This will list all detected                            
                         cameras and their details (video                       
                         paths, serial numbers and physical                     
                         path etc.).                                            
                         Use that information to fill in                        
                         your 'cam_config_server.yaml'                          
                         file.                                                  
                         Once configured, you can start the                     
                         image server with:                                     
                                                                                
                             teleimager-server                                  
                                                                                
                         Note:                                                  
                          - If you have RealSense cameras,                      
                         add the '--rs' flag to enable                          
                         RealSense support.                                     
                          - Make sure you have proper                           
                         permissions to access the camera                       
                         devices (e.g., run with sudo or                        
                         set udev rules).                                       
                         ==================================                     
                         ==================================                     
                         ======                                                 
09:40:13.575996 INFO     [Image Server] Loaded camera       image_server.py:2177
                         configuration:                                         
                         /home/robot/eai-teleop-studio/tele                     
                         op/teleimager/cam_config_server.ya                     
                         ml                                                     
sudo: a terminal is required to read the password; either use the -S option to read from standard input or configure an askpass helper
sudo: 需要密码
09:40:13.582193 ERROR    Failed to reload driver: Command    image_server.py:574
                         'sudo modprobe -r uvcvideo'                            
                         returned non-zero exit status 1.                       
09:40:18.326873 INFO     [Responser] Camera Config Responser image_client.py:805
                         initialized at 0.0.0.0:60000                           
09:40:18.895597 INFO     [OpenCVCamera: head_camera]        image_server.py:1116
                         initialized with 1080x1920 @ 30                        
                         FPS, FOURCC=YUYV.                                      
                         ZMQ: enabled, zmq port=55555;                          
                         WebRTC: enabled, webrtc port=60001                     
09:40:19.488041 INFO     [OpenCVCamera: torso_camera]       image_server.py:1116
                         initialized with 480x640 @ 30 FPS,                     
                         FOURCC=YUYV.                                           
                         ZMQ: enabled, zmq port=55556;                          
                         WebRTC: enabled, webrtc port=60002                     
09:40:20.056488 INFO     [OpenCVCamera: left_wrist_camera]  image_server.py:1116
                         initialized with 1080x1920 @ 30                        
                         FPS, FOURCC=YUYV.                                      
                         ZMQ: enabled, zmq port=55557;                          
                         WebRTC: enabled, webrtc port=60003                     
09:40:20.686854 INFO     [OpenCVCamera: right_wrist_camera] image_server.py:1116
                         initialized with 1080x1920 @ 30                        
                         FPS, FOURCC=YUYV.                                      
                         ZMQ: enabled, zmq port=55558;                          
                         WebRTC: enabled, webrtc port=60004                     
09:40:20.849524 INFO     [FFmpegDepthCamera:                image_server.py:1234
                         __head_rgbd_camera_depth]                              
                         initialized with 800x1280 @ 30                         
                         FPS, input_format=gray16le,                            
                         dtype=uint16.                                          
                         ZMQ: disabled; WebRTC: disabled                        
09:40:20.849644 INFO     [Image Server] Image server has    image_server.py:1745
                         started, waiting for client                            
                         connections...                                         
09:40:20.858704 INFO     [Image Server] head_camera is      image_server.py:1941
                         ready.                                                 
09:40:20.862017 INFO     [WebRTC] https://0.0.0.0:60001      image_server.py:470
                         started                                                
09:40:20.862564 INFO     [Image Server] torso_camera is     image_server.py:1941
                         ready.                                                 
09:40:20.865062 INFO     [WebRTC] https://0.0.0.0:60002      image_server.py:470
                         started                                                
09:40:20.873131 INFO     [Image Server] left_wrist_camera   image_server.py:1941
                         is ready.                                              
09:40:20.875177 INFO     [WebRTC] https://0.0.0.0:60003      image_server.py:470
                         started                                                
09:40:20.886239 INFO     [Image Server] right_wrist_camera  image_server.py:1941
                         is ready.                                              
09:40:20.888003 INFO     [Image Server]                     image_server.py:1941
                         __head_rgbd_camera_depth is ready.                     
09:40:20.888208 INFO     [Image Server] RGBD stream         image_server.py:1872
                         head_rgbd_camera publishing                            
                         head_camera+__head_rgbd_camera_dep                     
                         th on ZMQ port 55560.                                  
09:40:20.888626 INFO     [Image Server] Started 5/5         image_server.py:2081
                         available camera streams; hot-plug                     
                         monitor enabled.                                       
09:40:20.888699 INFO     [Image Server] Running... Press    image_server.py:2187
                         Ctrl+C to exit.                                        
09:40:20.889409 INFO     [WebRTC] https://0.0.0.0:60004      image_server.py:470
                         started                                                
09:44:21.613231 INFO     [Image Server] Received signal 15, image_server.py:2098
                         initiating graceful shutdown...                        
09:44:21.847062 INFO     [OpenCVCamera] Released            image_server.py:1151
                         head_camera                                            
09:44:21.883505 INFO     [OpenCVCamera] Released            image_server.py:1151
                         torso_camera                                           
09:44:21.920515 INFO     [OpenCVCamera] Released            image_server.py:1151
                         left_wrist_camera                                      
09:44:21.958429 INFO     [OpenCVCamera] Released            image_server.py:1151
                         right_wrist_camera                                     
09:44:22.959354 INFO     [FFmpegDepthCamera] Released       image_server.py:1313
                         __head_rgbd_camera_depth                               
09:44:22.959763 INFO     [Image Server] Clean up completed. image_server.py:2051
                         Server stopped.                                        
09:44:23.810455 INFO                                        image_server.py:2129
                         ====================== Image                           
                         Server Startup Guide                                   
                         ======================                                 
                         Please first read this repo's                          
                         README.md to learn how to                              
                         configure and use the teleimager.                      
                         To discover connected cameras, run                     
                         the following command:                                 
                                                                                
                             teleimager-server --cf                             
                                                                                
                         The '--cf' flag means 'camera                          
                         find'.                                                 
                         This will list all detected                            
                         cameras and their details (video                       
                         paths, serial numbers and physical                     
                         path etc.).                                            
                         Use that information to fill in                        
                         your 'cam_config_server.yaml'                          
                         file.                                                  
                         Once configured, you can start the                     
                         image server with:                                     
                                                                                
                             teleimager-server                                  
                                                                                
                         Note:                                                  
                          - If you have RealSense cameras,                      
                         add the '--rs' flag to enable                          
                         RealSense support.                                     
                          - Make sure you have proper                           
                         permissions to access the camera                       
                         devices (e.g., run with sudo or                        
                         set udev rules).                                       
                         ==================================                     
                         ==================================                     
                         ======                                                 
09:44:23.817097 INFO     [Image Server] Loaded camera       image_server.py:2177
                         configuration:                                         
                         /home/robot/eai-teleop-studio/tele                     
                         op/teleimager/cam_config_server.ya                     
                         ml                                                     
09:44:26.087430 INFO     UVC driver reloaded successfully.   image_server.py:572
09:44:30.641007 INFO     [Responser] Camera Config Responser image_client.py:805
                         initialized at 0.0.0.0:60000                           
09:44:31.208728 INFO     [OpenCVCamera: head_camera]        image_server.py:1116
                         initialized with 1080x1920 @ 30                        
                         FPS, FOURCC=YUYV.                                      
                         ZMQ: enabled, zmq port=55555;                          
                         WebRTC: enabled, webrtc port=60001                     
09:44:31.805932 INFO     [OpenCVCamera: torso_camera]       image_server.py:1116
                         initialized with 480x640 @ 30 FPS,                     
                         FOURCC=YUYV.                                           
                         ZMQ: enabled, zmq port=55556;                          
                         WebRTC: enabled, webrtc port=60002                     
09:44:32.380904 INFO     [OpenCVCamera: left_wrist_camera]  image_server.py:1116
                         initialized with 1080x1920 @ 30                        
                         FPS, FOURCC=YUYV.                                      
                         ZMQ: enabled, zmq port=55557;                          
                         WebRTC: enabled, webrtc port=60003                     
09:44:33.016907 INFO     [OpenCVCamera: right_wrist_camera] image_server.py:1116
                         initialized with 1080x1920 @ 30                        
                         FPS, FOURCC=YUYV.                                      
                         ZMQ: enabled, zmq port=55558;                          
                         WebRTC: enabled, webrtc port=60004                     
09:44:33.171234 INFO     [FFmpegDepthCamera:                image_server.py:1234
                         __head_rgbd_camera_depth]                              
                         initialized with 800x1280 @ 30                         
                         FPS, input_format=gray16le,                            
                         dtype=uint16.                                          
                         ZMQ: disabled; WebRTC: disabled                        
09:44:33.171384 INFO     [Image Server] Image server has    image_server.py:1745
                         started, waiting for client                            
                         connections...                                         
09:44:33.180410 INFO     [Image Server] head_camera is      image_server.py:1941
                         ready.                                                 
09:44:33.183817 INFO     [WebRTC] https://0.0.0.0:60001      image_server.py:470
                         started                                                
09:44:33.184784 INFO     [Image Server] torso_camera is     image_server.py:1941
                         ready.                                                 
09:44:33.187134 INFO     [WebRTC] https://0.0.0.0:60002      image_server.py:470
                         started                                                
09:44:33.195478 INFO     [Image Server] left_wrist_camera   image_server.py:1941
                         is ready.                                              
09:44:33.199996 INFO     [WebRTC] https://0.0.0.0:60003      image_server.py:470
                         started                                                
09:44:33.210797 INFO     [Image Server] right_wrist_camera  image_server.py:1941
                         is ready.                                              
09:44:33.212835 INFO     [Image Server]                     image_server.py:1941
                         __head_rgbd_camera_depth is ready.                     
09:44:33.213079 INFO     [Image Server] RGBD stream         image_server.py:1872
                         head_rgbd_camera publishing                            
                         head_camera+__head_rgbd_camera_dep                     
                         th on ZMQ port 55560.                                  
09:44:33.214144 INFO     [Image Server] Started 5/5         image_server.py:2081
                         available camera streams; hot-plug                     
                         monitor enabled.                                       
09:44:33.214228 INFO     [Image Server] Running... Press    image_server.py:2187
                         Ctrl+C to exit.                                        
09:44:33.214737 INFO     [WebRTC] https://0.0.0.0:60004      image_server.py:470
                         started                                                
09:53:02.792208 WARNING  [Image Server] Camera torso_camera image_server.py:1781
                         frame update failed (1/60);                            
                         keeping stream alive:                                  
09:53:03.758926 WARNING  [Image Server] Camera torso_camera image_server.py:1781
                         frame update failed (30/60);                           
                         keeping stream alive:                                  
[ WARN:21@521.143] global cap_v4l.cpp:803 requestBuffers VIDEOIO(V4L2:/dev/video6): failed VIDIOC_REQBUFS: errno=19 (No such device)
09:53:04.759615 INFO     [OpenCVCamera] Released            image_server.py:1151
                         torso_camera                                           
09:53:04.760104 ERROR    [Image Server] Camera torso_camera image_server.py:1759
                         is offline: frame update failed 60                     
                         consecutive times: . Waiting for                       
                         reconnect.                                             
10:00:17.397782 INFO                                        image_server.py:2129
                         ====================== Image                           
                         Server Startup Guide                                   
                         ======================                                 
                         Please first read this repo's                          
                         README.md to learn how to                              
                         configure and use the teleimager.                      
                         To discover connected cameras, run                     
                         the following command:                                 
                                                                                
                             teleimager-server --cf                             
                                                                                
                         The '--cf' flag means 'camera                          
                         find'.                                                 
                         This will list all detected                            
                         cameras and their details (video                       
                         paths, serial numbers and physical                     
                         path etc.).                                            
                         Use that information to fill in                        
                         your 'cam_config_server.yaml'                          
                         file.                                                  
                         Once configured, you can start the                     
                         image server with:                                     
                                                                                
                             teleimager-server                                  
                                                                                
                         Note:                                                  
                          - If you have RealSense cameras,                      
                         add the '--rs' flag to enable                          
                         RealSense support.                                     
                          - Make sure you have proper                           
                         permissions to access the camera                       
                         devices (e.g., run with sudo or                        
                         set udev rules).                                       
                         ==================================                     
                         ==================================                     
                         ======                                                 
10:00:17.404338 INFO     [Image Server] Loaded camera       image_server.py:2177
                         configuration:                                         
                         /home/robot/eai-teleop-studio/tele                     
                         op/teleimager/cam_config_server.ya                     
                         ml                                                     
10:00:20.196323 INFO     UVC driver reloaded successfully.   image_server.py:572
10:00:24.558969 INFO     [Responser] Camera Config Responser image_client.py:805
                         initialized at 0.0.0.0:60000                           
10:00:25.122315 INFO     [OpenCVCamera: head_camera]        image_server.py:1116
                         initialized with 1080x1920 @ 30                        
                         FPS, FOURCC=YUYV.                                      
                         ZMQ: enabled, zmq port=55555;                          
                         WebRTC: enabled, webrtc port=60001                     
10:00:25.687159 INFO     [OpenCVCamera: torso_camera]       image_server.py:1116
                         initialized with 480x640 @ 30 FPS,                     
                         FOURCC=YUYV.                                           
                         ZMQ: enabled, zmq port=55556;                          
                         WebRTC: enabled, webrtc port=60002                     
10:00:26.243357 INFO     [OpenCVCamera: left_wrist_camera]  image_server.py:1116
                         initialized with 1080x1920 @ 30                        
                         FPS, FOURCC=YUYV.                                      
                         ZMQ: enabled, zmq port=55557;                          
                         WebRTC: enabled, webrtc port=60003                     
10:00:26.859498 INFO     [OpenCVCamera: right_wrist_camera] image_server.py:1116
                         initialized with 1080x1920 @ 30                        
                         FPS, FOURCC=YUYV.                                      
                         ZMQ: enabled, zmq port=55558;                          
                         WebRTC: enabled, webrtc port=60004                     
10:00:27.075698 INFO     [FFmpegDepthCamera:                image_server.py:1234
                         __head_rgbd_camera_depth]                              
                         initialized with 800x1280 @ 30                         
                         FPS, input_format=gray16le,                            
                         dtype=uint16.                                          
                         ZMQ: disabled; WebRTC: disabled                        
10:00:27.075805 INFO     [Image Server] Image server has    image_server.py:1745
                         started, waiting for client                            
                         connections...                                         
10:00:27.088146 INFO     [Image Server] head_camera is      image_server.py:1941
                         ready.                                                 
10:00:27.091393 INFO     [WebRTC] https://0.0.0.0:60001      image_server.py:470
                         started                                                
10:00:27.092449 INFO     [Image Server] torso_camera is     image_server.py:1941
                         ready.                                                 
10:00:27.102207 INFO     [WebRTC] https://0.0.0.0:60002      image_server.py:470
                         started                                                
10:00:27.111978 INFO     [Image Server] left_wrist_camera   image_server.py:1941
                         is ready.                                              
10:00:27.114603 INFO     [WebRTC] https://0.0.0.0:60003      image_server.py:470
                         started                                                
10:00:27.128793 INFO     [Image Server] right_wrist_camera  image_server.py:1941
                         is ready.                                              
10:00:27.131795 INFO     [Image Server]                     image_server.py:1941
                         __head_rgbd_camera_depth is ready.                     
10:00:27.132040 INFO     [Image Server] RGBD stream         image_server.py:1872
                         head_rgbd_camera publishing                            
                         head_camera+__head_rgbd_camera_dep                     
                         th on ZMQ port 55560.                                  
10:00:27.133188 INFO     [Image Server] Started 5/5         image_server.py:2081
                         available camera streams; hot-plug                     
                         monitor enabled.                                       
10:00:27.133310 INFO     [Image Server] Running... Press    image_server.py:2187
                         Ctrl+C to exit.                                        
10:00:27.133718 INFO     [WebRTC] https://0.0.0.0:60004      image_server.py:470
                         started                                                
10:01:12.890613 WARNING  [Image Server] Camera torso_camera image_server.py:1781
                         frame update failed (1/60);                            
                         keeping stream alive:                                  
10:01:13.857354 WARNING  [Image Server] Camera torso_camera image_server.py:1781
                         frame update failed (30/60);                           
                         keeping stream alive:                                  
[ WARN:21@57.865] global cap_v4l.cpp:803 requestBuffers VIDEOIO(V4L2:/dev/video14): failed VIDIOC_REQBUFS: errno=19 (No such device)
10:01:14.862742 INFO     [OpenCVCamera] Released            image_server.py:1151
                         torso_camera                                           
10:01:14.863322 ERROR    [Image Server] Camera torso_camera image_server.py:1759
                         is offline: frame update failed 60                     
                         consecutive times: . Waiting for                       
                         reconnect.                                             
11:07:59.965620 INFO                                        image_server.py:2129
                         ====================== Image                           
                         Server Startup Guide                                   
                         ======================                                 
                         Please first read this repo's                          
                         README.md to learn how to                              
                         configure and use the teleimager.                      
                         To discover connected cameras, run                     
                         the following command:                                 
                                                                                
                             teleimager-server --cf                             
                                                                                
                         The '--cf' flag means 'camera                          
                         find'.                                                 
                         This will list all detected                            
                         cameras and their details (video                       
                         paths, serial numbers and physical                     
                         path etc.).                                            
                         Use that information to fill in                        
                         your 'cam_config_server.yaml'                          
                         file.                                                  
                         Once configured, you can start the                     
                         image server with:                                     
                                                                                
                             teleimager-server                                  
                                                                                
                         Note:                                                  
                          - If you have RealSense cameras,                      
                         add the '--rs' flag to enable                          
                         RealSense support.                                     
                          - Make sure you have proper                           
                         permissions to access the camera                       
                         devices (e.g., run with sudo or                        
                         set udev rules).                                       
                         ==================================                     
                         ==================================                     
                         ======                                                 
11:07:59.972505 INFO     [Image Server] Loaded camera       image_server.py:2177
                         configuration:                                         
                         /home/robot/eai-teleop-studio/tele                     
                         op/teleimager/cam_config_server.ya                     
                         ml                                                     
11:08:02.755753 INFO     UVC driver reloaded successfully.   image_server.py:572
11:08:07.101952 INFO     [Responser] Camera Config Responser image_client.py:805
                         initialized at 0.0.0.0:60000                           
11:08:07.664869 INFO     [OpenCVCamera: head_camera]        image_server.py:1116
                         initialized with 1080x1920 @ 30                        
                         FPS, FOURCC=YUYV.                                      
                         ZMQ: enabled, zmq port=55555;                          
                         WebRTC: enabled, webrtc port=60001                     
11:08:08.233328 INFO     [OpenCVCamera: torso_camera]       image_server.py:1116
                         initialized with 480x640 @ 30 FPS,                     
                         FOURCC=YUYV.                                           
                         ZMQ: enabled, zmq port=55556;                          
                         WebRTC: enabled, webrtc port=60002                     
11:08:08.787950 INFO     [OpenCVCamera: left_wrist_camera]  image_server.py:1116
                         initialized with 1080x1920 @ 30                        
                         FPS, FOURCC=YUYV.                                      
                         ZMQ: enabled, zmq port=55557;                          
                         WebRTC: enabled, webrtc port=60003                     
11:08:09.395826 INFO     [OpenCVCamera: right_wrist_camera] image_server.py:1116
                         initialized with 1080x1920 @ 30                        
                         FPS, FOURCC=YUYV.                                      
                         ZMQ: enabled, zmq port=55558;                          
                         WebRTC: enabled, webrtc port=60004                     
11:08:09.617572 INFO     [FFmpegDepthCamera:                image_server.py:1234
                         __head_rgbd_camera_depth]                              
                         initialized with 800x1280 @ 30                         
                         FPS, input_format=gray16le,                            
                         dtype=uint16.                                          
                         ZMQ: disabled; WebRTC: disabled                        
11:08:09.617692 INFO     [Image Server] Image server has    image_server.py:1745
                         started, waiting for client                            
                         connections...                                         
11:08:09.627432 INFO     [Image Server] head_camera is      image_server.py:1941
                         ready.                                                 
11:08:09.631308 INFO     [WebRTC] https://0.0.0.0:60001      image_server.py:470
                         started                                                
11:08:09.631457 INFO     [Image Server] torso_camera is     image_server.py:1941
                         ready.                                                 
11:08:09.633459 INFO     [WebRTC] https://0.0.0.0:60002      image_server.py:470
                         started                                                
11:08:09.642401 INFO     [Image Server] left_wrist_camera   image_server.py:1941
                         is ready.                                              
11:08:09.645806 INFO     [WebRTC] https://0.0.0.0:60003      image_server.py:470
                         started                                                
11:08:09.656003 INFO     [Image Server] right_wrist_camera  image_server.py:1941
                         is ready.                                              
11:08:09.659031 INFO     [Image Server]                     image_server.py:1941
                         __head_rgbd_camera_depth is ready.                     
11:08:09.659246 INFO     [Image Server] RGBD stream         image_server.py:1872
                         head_rgbd_camera publishing                            
                         head_camera+__head_rgbd_camera_dep                     
                         th on ZMQ port 55560.                                  
11:08:09.660336 INFO     [Image Server] Started 5/5         image_server.py:2081
                         available camera streams; hot-plug                     
                         monitor enabled.                                       
11:08:09.660403 INFO     [Image Server] Running... Press    image_server.py:2187
                         Ctrl+C to exit.                                        
11:08:09.660798 INFO     [WebRTC] https://0.0.0.0:60004      image_server.py:470
                         started                                                
11:08:54.530027 WARNING  [Image Server] Camera torso_camera image_server.py:1781
                         frame update failed (1/60);                            
                         keeping stream alive:                                  
11:08:55.498123 WARNING  [Image Server] Camera torso_camera image_server.py:1781
                         frame update failed (30/60);                           
                         keeping stream alive:                                  
[ WARN:21@57.658] global cap_v4l.cpp:803 requestBuffers VIDEOIO(V4L2:/dev/video14): failed VIDIOC_REQBUFS: errno=19 (No such device)
11:08:56.504405 INFO     [OpenCVCamera] Released            image_server.py:1151
                         torso_camera                                           
11:08:56.505190 ERROR    [Image Server] Camera torso_camera image_server.py:1759
                         is offline: frame update failed 60                     
                         consecutive times: . Waiting for                       
                         reconnect.                                             
14:29:01.074075 INFO                                        image_server.py:2129
                         ====================== Image                           
                         Server Startup Guide                                   
                         ======================                                 
                         Please first read this repo's                          
                         README.md to learn how to                              
                         configure and use the teleimager.                      
                         To discover connected cameras, run                     
                         the following command:                                 
                                                                                
                             teleimager-server --cf                             
                                                                                
                         The '--cf' flag means 'camera                          
                         find'.                                                 
                         This will list all detected                            
                         cameras and their details (video                       
                         paths, serial numbers and physical                     
                         path etc.).                                            
                         Use that information to fill in                        
                         your 'cam_config_server.yaml'                          
                         file.                                                  
                         Once configured, you can start the                     
                         image server with:                                     
                                                                                
                             teleimager-server                                  
                                                                                
                         Note:                                                  
                          - If you have RealSense cameras,                      
                         add the '--rs' flag to enable                          
                         RealSense support.                                     
                          - Make sure you have proper                           
                         permissions to access the camera                       
                         devices (e.g., run with sudo or                        
                         set udev rules).                                       
                         ==================================                     
                         ==================================                     
                         ======                                                 
14:29:01.080424 INFO     [Image Server] Loaded camera       image_server.py:2177
                         configuration:                                         
                         /home/robot/eai-teleop-studio/tele                     
                         op/teleimager/cam_config_server.ya                     
                         ml                                                     
14:29:03.863258 INFO     UVC driver reloaded successfully.   image_server.py:572
14:29:08.225203 INFO     [Responser] Camera Config Responser image_client.py:805
                         initialized at 0.0.0.0:60000                           
14:29:08.785091 INFO     [OpenCVCamera: head_camera]        image_server.py:1116
                         initialized with 1080x1920 @ 30                        
                         FPS, FOURCC=YUYV.                                      
                         ZMQ: enabled, zmq port=55555;                          
                         WebRTC: enabled, webrtc port=60001                     
14:29:09.356882 INFO     [OpenCVCamera: torso_camera]       image_server.py:1116
                         initialized with 480x640 @ 30 FPS,                     
                         FOURCC=YUYV.                                           
                         ZMQ: enabled, zmq port=55556;                          
                         WebRTC: enabled, webrtc port=60002                     
14:29:09.921174 INFO     [OpenCVCamera: left_wrist_camera]  image_server.py:1116
                         initialized with 1080x1920 @ 30                        
                         FPS, FOURCC=YUYV.                                      
                         ZMQ: enabled, zmq port=55557;                          
                         WebRTC: enabled, webrtc port=60003                     
14:29:10.534081 INFO     [OpenCVCamera: right_wrist_camera] image_server.py:1116
                         initialized with 1080x1920 @ 30                        
                         FPS, FOURCC=YUYV.                                      
                         ZMQ: enabled, zmq port=55558;                          
                         WebRTC: enabled, webrtc port=60004                     
14:29:10.747022 INFO     [FFmpegDepthCamera:                image_server.py:1234
                         __head_rgbd_camera_depth]                              
                         initialized with 800x1280 @ 30                         
                         FPS, input_format=gray16le,                            
                         dtype=uint16.                                          
                         ZMQ: disabled; WebRTC: disabled                        
14:29:10.747133 INFO     [Image Server] Image server has    image_server.py:1745
                         started, waiting for client                            
                         connections...                                         
14:29:10.764773 INFO     [Image Server] head_camera is      image_server.py:1941
                         ready.                                                 
14:29:10.768744 INFO     [WebRTC] https://0.0.0.0:60001      image_server.py:470
                         started                                                
14:29:10.769666 INFO     [Image Server] torso_camera is     image_server.py:1941
                         ready.                                                 
14:29:10.772304 INFO     [WebRTC] https://0.0.0.0:60002      image_server.py:470
                         started                                                
14:29:10.781051 INFO     [Image Server] left_wrist_camera   image_server.py:1941
                         is ready.                                              
14:29:10.783782 INFO     [WebRTC] https://0.0.0.0:60003      image_server.py:470
                         started                                                
14:29:10.793998 INFO     [Image Server] right_wrist_camera  image_server.py:1941
                         is ready.                                              
14:29:10.796242 INFO     [Image Server]                     image_server.py:1941
                         __head_rgbd_camera_depth is ready.                     
14:29:10.796555 INFO     [Image Server] RGBD stream         image_server.py:1872
                         head_rgbd_camera publishing                            
                         head_camera+__head_rgbd_camera_dep                     
                         th on ZMQ port 55560.                                  
14:29:10.797611 INFO     [Image Server] Started 5/5         image_server.py:2081
                         available camera streams; hot-plug                     
                         monitor enabled.                                       
14:29:10.797736 INFO     [Image Server] Running... Press    image_server.py:2187
                         Ctrl+C to exit.                                        
14:29:10.798086 INFO     [WebRTC] https://0.0.0.0:60004      image_server.py:470
                         started                                                
14:29:56.633704 WARNING  [Image Server] Camera torso_camera image_server.py:1781
                         frame update failed (1/60);                            
                         keeping stream alive:                                  
14:29:57.600534 WARNING  [Image Server] Camera torso_camera image_server.py:1781
                         frame update failed (30/60);                           
                         keeping stream alive:                                  
[ WARN:21@58.068] global cap_v4l.cpp:803 requestBuffers VIDEOIO(V4L2:/dev/video14): failed VIDIOC_REQBUFS: errno=19 (No such device)
14:29:58.600992 INFO     [OpenCVCamera] Released            image_server.py:1151
                         torso_camera                                           
14:29:58.601158 ERROR    [Image Server] Camera torso_camera image_server.py:1759
                         is offline: frame update failed 60                     
                         consecutive times: . Waiting for                       
                         reconnect.                                             
14:46:54.135164 INFO     [OpenCVCamera: torso_camera]       image_server.py:1116
                         initialized with 480x640 @ 30 FPS,                     
                         FOURCC=YUYV.                                           
                         ZMQ: enabled, zmq port=55556;                          
                         WebRTC: enabled, webrtc port=60002                     
14:46:54.135336 INFO     [Image Server] Camera torso_camera image_server.py:2019
                         reconnected.                                           
14:46:54.172611 INFO     [Image Server] torso_camera is     image_server.py:1941
                         ready.                                                 
14:47:39.465846 WARNING  [Image Server] Camera torso_camera image_server.py:1781
                         frame update failed (1/60);                            
                         keeping stream alive:                                  
14:47:40.426774 WARNING  [Image Server] Camera torso_camera image_server.py:1781
                         frame update failed (30/60);                           
                         keeping stream alive:                                  
[ WARN:25@1120.894] global cap_v4l.cpp:803 requestBuffers VIDEOIO(V4L2:/dev/video14): failed VIDIOC_REQBUFS: errno=19 (No such device)
14:47:41.427089 INFO     [OpenCVCamera] Released            image_server.py:1151
                         torso_camera                                           
14:47:41.427273 ERROR    [Image Server] Camera torso_camera image_server.py:1759
                         is offline: frame update failed 60                     
                         consecutive times: . Waiting for                       
                         reconnect.                                             
15:34:58.933348 INFO                                        image_server.py:2129
                         ====================== Image                           
                         Server Startup Guide                                   
                         ======================                                 
                         Please first read this repo's                          
                         README.md to learn how to                              
                         configure and use the teleimager.                      
                         To discover connected cameras, run                     
                         the following command:                                 
                                                                                
                             teleimager-server --cf                             
                                                                                
                         The '--cf' flag means 'camera                          
                         find'.                                                 
                         This will list all detected                            
                         cameras and their details (video                       
                         paths, serial numbers and physical                     
                         path etc.).                                            
                         Use that information to fill in                        
                         your 'cam_config_server.yaml'                          
                         file.                                                  
                         Once configured, you can start the                     
                         image server with:                                     
                                                                                
                             teleimager-server                                  
                                                                                
                         Note:                                                  
                          - If you have RealSense cameras,                      
                         add the '--rs' flag to enable                          
                         RealSense support.                                     
                          - Make sure you have proper                           
                         permissions to access the camera                       
                         devices (e.g., run with sudo or                        
                         set udev rules).                                       
                         ==================================                     
                         ==================================                     
                         ======                                                 
15:34:58.939785 INFO     [Image Server] Loaded camera       image_server.py:2177
                         configuration:                                         
                         /home/robot/eai-teleop-studio/tele                     
                         op/teleimager/cam_config_server.ya                     
                         ml                                                     
15:35:01.730541 INFO     UVC driver reloaded successfully.   image_server.py:572
15:35:05.990714 INFO     [Responser] Camera Config Responser image_client.py:805
                         initialized at 0.0.0.0:60000                           
15:35:06.544811 INFO     [OpenCVCamera: head_camera]        image_server.py:1116
                         initialized with 1080x1920 @ 30                        
                         FPS, FOURCC=YUYV.                                      
                         ZMQ: enabled, zmq port=55555;                          
                         WebRTC: enabled, webrtc port=60001                     
15:35:07.108104 INFO     [OpenCVCamera: torso_camera]       image_server.py:1116
                         initialized with 480x640 @ 30 FPS,                     
                         FOURCC=YUYV.                                           
                         ZMQ: enabled, zmq port=55556;                          
                         WebRTC: enabled, webrtc port=60002                     
15:35:07.672029 INFO     [OpenCVCamera: left_wrist_camera]  image_server.py:1116
                         initialized with 1080x1920 @ 30                        
                         FPS, FOURCC=YUYV.                                      
                         ZMQ: enabled, zmq port=55557;                          
                         WebRTC: enabled, webrtc port=60003                     
15:35:08.308654 INFO     [OpenCVCamera: right_wrist_camera] image_server.py:1116
                         initialized with 1080x1920 @ 30                        
                         FPS, FOURCC=YUYV.                                      
                         ZMQ: enabled, zmq port=55558;                          
                         WebRTC: enabled, webrtc port=60004                     
15:35:08.561859 INFO     [FFmpegDepthCamera:                image_server.py:1234
                         __head_rgbd_camera_depth]                              
                         initialized with 800x1280 @ 30                         
                         FPS, input_format=gray16le,                            
                         dtype=uint16.                                          
                         ZMQ: disabled; WebRTC: disabled                        
15:35:08.561984 INFO     [Image Server] Image server has    image_server.py:1745
                         started, waiting for client                            
                         connections...                                         
15:35:08.575836 INFO     [Image Server] head_camera is      image_server.py:1941
                         ready.                                                 
15:35:08.580444 INFO     [WebRTC] https://0.0.0.0:60001      image_server.py:470
                         started                                                
15:35:08.582027 INFO     [Image Server] torso_camera is     image_server.py:1941
                         ready.                                                 
15:35:08.584750 INFO     [WebRTC] https://0.0.0.0:60002      image_server.py:470
                         started                                                
15:35:08.600465 INFO     [Image Server] left_wrist_camera   image_server.py:1941
                         is ready.                                              
15:35:08.603030 INFO     [WebRTC] https://0.0.0.0:60003      image_server.py:470
                         started                                                
15:35:08.616772 INFO     [Image Server] right_wrist_camera  image_server.py:1941
                         is ready.                                              
15:35:08.621547 INFO     [Image Server]                     image_server.py:1941
                         __head_rgbd_camera_depth is ready.                     
15:35:08.621907 INFO     [Image Server] RGBD stream         image_server.py:1872
                         head_rgbd_camera publishing                            
                         head_camera+__head_rgbd_camera_dep                     
                         th on ZMQ port 55560.                                  
15:35:08.623321 INFO     [WebRTC] https://0.0.0.0:60004      image_server.py:470
                         started                                                
15:35:08.623819 INFO     [Image Server] Started 5/5         image_server.py:2081
                         available camera streams; hot-plug                     
                         monitor enabled.                                       
15:35:08.623976 INFO     [Image Server] Running... Press    image_server.py:2187
                         Ctrl+C to exit.                                        
15:35:54.311094 WARNING  [Image Server] Camera torso_camera image_server.py:1781
                         frame update failed (1/60);                            
                         keeping stream alive:                                  
15:35:55.277679 WARNING  [Image Server] Camera torso_camera image_server.py:1781
                         frame update failed (30/60);                           
                         keeping stream alive:                                  
[ WARN:21@57.796] global cap_v4l.cpp:803 requestBuffers VIDEOIO(V4L2:/dev/video14): failed VIDIOC_REQBUFS: errno=19 (No such device)
15:35:56.279294 INFO     [OpenCVCamera] Released            image_server.py:1151
                         torso_camera                                           
15:35:56.279547 ERROR    [Image Server] Camera torso_camera image_server.py:1759
                         is offline: frame update failed 60                     
                         consecutive times: . Waiting for                       
                         reconnect.                                             
